run,piece,event_index,change_index,substep,reason,part_ids,contact_width_px,contact_offset_px,vx_before,vx_after,delta_vx,vy_before,vy_after,delta_vy,angular_before,angular_after,delta_angular,delta_vn,delta_vt,x,angle,cumulative_delta_x,cumulative_delta_angle,contact_points,support_count
1,26,1,1,241,START,1919;1933;1941,14.000,17.004,0.000000,0.286080,0.286080,11.070020,3.473405,-7.596615,0.000000,0.332562,0.332562,-7.596615,-0.286080,195.000,0.000000,0.000,0.000000,6,6
1,26,1,2,242,PART_CHANGE+WIDTH_CHANGE,1919,4.070,18.070,0.286080,0.370799,0.084720,3.473405,3.530952,0.057548,0.332562,0.320556,-0.012006,0.057548,-0.084720,195.073,0.084479,0.073,0.084479,2,2
1,26,2,1,246,START,1911;1915;1918,4.862,4.493,0.366561,0.868227,0.501666,3.702278,-1.347189,-5.049467,0.316892,0.204133,-0.112759,-5.049467,-0.501666,195.447,0.408331,0.000,0.000000,4,6
1,26,2,2,247,PART_CHANGE+WIDTH_CHANGE+OFFSET_CHANGE+RESPONSE,1911;1915,3.576,2.137,0.868227,1.464409,0.596182,-1.347189,-1.271203,0.075986,0.204133,0.133741,-0.070393,0.075986,-0.596182,195.668,0.460186,0.221,0.051855,2,4
1,26,3,1,297,START,1966,4.582,20.205,1.218086,1.163845,-0.054242,2.057555,0.413440,-1.644115,0.111245,0.037449,-0.073796,-1.644115,0.054242,212.337,1.982549,0.000,0.000000,1,2
1,26,3,2,298,PART_CHANGE+WIDTH_CHANGE+OFFSET_CHANGE+RESPONSE,1942;1953;1966,11.265,23.305,1.163845,0.989388,-0.174457,0.413440,-0.116768,-0.530208,0.037449,0.005475,-0.031974,-0.530208,0.174457,212.633,1.992062,0.296,0.009513,3,6
1,26,3,3,299,PART_CHANGE+WIDTH_CHANGE+OFFSET_CHANGE+RESPONSE,1953;1966,6.794,21.034,0.989388,0.755990,-0.233397,-0.116768,-0.250725,-0.133957,0.005475,0.010773,0.005298,-0.133957,0.233397,212.884,1.993453,0.547,0.010904,2,4
1,26,3,4,301,PART_CHANGE+WIDTH_CHANGE,1966,4.548,19.762,0.621928,0.570018,-0.051909,-0.300047,-0.288048,0.011999,0.013029,0.013485,0.000456,0.011999,0.051909,213.225,1.999305,0.888,0.016756,1,2
1,26,3,5,306,PART_CHANGE+WIDTH_CHANGE,1953;1966,6.751,20.466,0.413076,0.314569,-0.098507,-0.229007,-0.267739,-0.038732,0.011398,0.011631,0.000233,-0.038732,0.098507,213.820,2.014772,1.483,0.032223,2,4
1,26,3,6,312,PART_CHANGE+WIDTH_CHANGE+OFFSET_CHANGE,1942;1953;1966,11.194,22.342,0.170203,0.130765,-0.039439,-0.141683,-0.126944,0.014740,0.006033,0.004539,-0.001494,0.014740,0.039439,214.190,2.028059,1.853,0.045510,3,6
1,26,3,7,325,PART_CHANGE+WIDTH_CHANGE+OFFSET_CHANGE,1953;1966,6.733,20.239,-0.206191,-0.233323,-0.027132,0.156162,0.176426,0.020264,-0.007326,-0.008276,-0.000950,0.020264,0.027132,214.051,2.023171,1.714,0.040622,2,4
1,26,3,8,334,PART_CHANGE+WIDTH_CHANGE,1966,4.554,19.838,-0.434332,-0.459680,-0.025349,0.345476,0.368456,0.022981,-0.015659,-0.016583,-0.000924,0.022981,0.025349,213.306,1.996451,0.969,0.013902,1,2
1,26,3,9,372,PART_CHANGE+WIDTH_CHANGE+OFFSET_CHANGE+RESPONSE,1925;1966;1983,43.186,8.286,-1.051241,-0.776849,0.274393,1.611266,-0.009641,-1.620907,-0.054411,-0.001971,0.052440,-1.620907,-0.274393,205.499,1.665502,-6.838,-0.317047,4,6
1,26,3,10,373,PART_CHANGE+WIDTH_CHANGE+OFFSET_CHANGE,1983,2.987,10.808,-0.776849,-0.644792,0.132057,-0.009641,-0.060923,-0.051282,-0.001971,-0.006612,-0.004641,-0.051282,-0.132057,205.302,1.665002,-7.036,-0.317548,1,2
1,26,3,11,417,PART_CHANGE+WIDTH_CHANGE+OFFSET_CHANGE,1966;1983,42.189,8.632,0.270320,0.192264,-0.078056,0.164694,0.000187,-0.164507,0.017526,0.000323,-0.017203,-0.164507,0.078056,204.432,1.673516,-7.905,-0.309034,2,4
1,27,1,1,242,START,1990;1991;1999,6.000,13.294,0.000000,-0.409529,-0.409529,11.038022,2.214273,-8.823749,0.000000,-0.172130,-0.172130,-8.823749,0.409529,195.000,0.000000,0.000,0.000000,6,6
1,27,1,2,243,PART_CHANGE+WIDTH_CHANGE+RESPONSE,1991,1.043,12.519,-0.409529,-0.701041,-0.291512,2.214273,1.932278,-0.281995,-0.172130,-0.158154,0.013976,-0.281995,0.291512,194.896,-0.043725,-0.104,-0.043725,2,2
1,27,1,3,244,RESPONSE,1991,1.080,14.084,-0.701041,-0.984207,-0.283166,1.932278,1.917508,-0.014770,-0.158154,-0.139514,0.018639,-0.014770,0.283166,194.718,-0.083900,-0.282,-0.083900,1,2
1,27,1,4,245,RESPONSE,1991,1.110,15.366,0.000000,-1.399887,-1.399887,1.917508,1.749319,-0.168189,0.000000,-0.034857,-0.034857,-0.168189,1.399887,194.483,-0.117263,-0.517,-0.117263,1,2
1,27,1,5,246,RESPONSE,1991,1.117,15.684,-1.399887,-1.552501,-0.152614,1.749319,0.800898,-0.948421,-0.034857,-0.051852,-0.016995,-0.948421,0.152614,194.148,-0.125599,-0.852,-0.125599,2,2
1,27,1,6,249,RESPONSE,1991,1.148,17.062,0.000000,-1.676002,-1.676002,0.785044,0.798683,0.013638,0.000000,-0.014209,-0.014209,0.013638,1.676002,192.973,-0.162111,-2.027,-0.162111,1,2
1,27,1,7,269,PART_CHANGE+WIDTH_CHANGE+OFFSET_CHANGE+RESPONSE,1991;1997,47.166,1.010,-1.583908,-1.416926,0.166982,1.071698,-0.106711,-1.178408,-0.045158,-0.005536,0.039622,-1.178408,-0.166982,185.210,-0.355748,-9.790,-0.355748,2,4
1,27,1,8,270,PART_CHANGE+WIDTH_CHANGE+OFFSET_CHANGE+RESPONSE,1997,2.223,21.415,-1.416926,-1.235165,0.181761,-0.106711,-0.199650,-0.092939,-0.005536,-0.009739,-0.004203,-0.092939,-0.181761,184.851,-0.357155,-10.149,-0.357155,1,2
1,27,1,9,335,PART_CHANGE+WIDTH_CHANGE+OFFSET_CHANGE,1991;1997,47.164,0.913,0.563407,0.433454,-0.129953,0.435118,-0.067638,-0.502757,0.019648,0.003366,-0.016282,-0.502757,0.129953,182.659,-0.352862,-12.341,-0.352862,2,4
1,27,1,10,336,PART_CHANGE+WIDTH_CHANGE+OFFSET_CHANGE,1991,1.283,23.825,0.433454,0.378433,-0.055021,-0.067638,-0.078031,-0.010393,0.003366,0.003189,-0.000177,-0.010393,0.055021,182.769,-0.352007,-12.231,-0.352007,1,2
1,27,1,11,354,PART_CHANGE+WIDTH_CHANGE+OFFSET_CHANGE,1991;1997,47.166,1.026,-0.108894,-0.075344,0.033550,0.155673,-0.000811,-0.156483,-0.006588,-0.000187,0.006401,-0.156483,-0.033550,183.248,-0.356236,-11.752,-0.356236,2,4
1,28,1,1,238,START,2059;2061,3.000,9.773,0.000000,0.227379,0.227379,11.038113,3.048864,-7.989249,0.000000,0.269885,0.269885,-7.989249,-0.227379,195.000,0.000000,0.000,0.000000,4,4
1,28,1,2,239,PART_CHANGE+OFFSET_CHANGE,2059,2.064,12.959,0.227379,0.325143,0.097764,3.048864,3.071996,0.023132,0.269885,0.251525,-0.018360,0.023132,-0.097764,195.058,0.068558,0.058,0.068558,2,2
1,28,2,1,241,START,2058,2.154,10.792,0.323899,0.418350,0.094451,3.131079,-0.431203,-3.562281,0.250563,0.100431,-0.150132,-3.562281,-0.094451,195.218,0.192370,0.000,0.000000,1,2
1,28,2,2,242,RESPONSE,2058,2.168,9.893,0.418350,0.614329,0.195978,-0.431203,-0.571952,-0.140750,0.100431,0.065476,-0.034956,-0.140750,-0.195978,195.318,0.216387,0.100,0.024017,1,2
1,28,2,3,243,RESPONSE,2058,2.176,9.304,0.614329,0.781529,0.167200,-0.571952,-0.503227,0.068726,0.065476,0.041076,-0.024400,0.068726,-0.167200,195.465,0.232044,0.247,0.039674,1,2
1,28,3,1,247,START,2058,2.192,8.082,0.830829,0.872071,0.041243,-0.290033,-0.218090,0.071943,0.029351,0.020574,-0.008777,0.071943,-0.041243,196.287,0.264321,0.000,0.000000,1,2
1,28,3,2,453,PART_CHANGE+WIDTH_CHANGE+OFFSET_CHANGE+RESPONSE,2058;2072;2080;2082;2146;2148,64.727,0.536,1.538104,1.243272,-0.294832,2.139301,-0.003416,-2.142717,0.066282,0.002087,-0.064195,-2.142717,0.294832,237.375,1.455108,41.088,1.190787,9,12
1,28,3,3,454,PART_CHANGE+WIDTH_CHANGE+OFFSET_CHANGE,2080;2082,2.980,30.325,1.243272,1.107149,-0.136123,-0.003416,-0.036410,-0.032994,0.002087,0.001747,-0.000340,-0.032994,0.136123,237.691,1.455638,41.404,1.191317,4,4
1,28,3,4,455,PART_CHANGE+WIDTH_CHANGE,2082,0.993,29.321,1.107149,1.032700,-0.074449,-0.036410,-0.025249,0.011161,0.001747,0.001397,-0.000350,0.011161,0.074449,237.972,1.456082,41.685,1.191761,1,2
1,28,3,5,458,RESPONSE,2082,0.994,29.284,0.776988,0.619084,-0.157903,-0.078585,-0.128112,-0.049527,0.003191,0.004749,0.001558,-0.049527,0.157903,238.641,1.457637,42.354,1.193316,1,2
1,28,3,6,480,PART_CHANGE+WIDTH_CHANGE+OFFSET_CHANGE,2058;2082,62.774,1.207,-0.272242,-0.243703,0.028539,0.457779,-0.001008,-0.458787,-0.015226,-0.000454,0.014772,-0.458787,-0.028539,239.031,1.440508,42.744,1.176187,2,4
1,29,1,1,238,START,2155,2.000,8.858,0.000000,-0.130104,-0.130104,11.031353,1.752993,-9.278360,0.000000,-0.165997,-0.165997,-9.278360,0.130104,195.000,0.000000,0.000,0.000000,2,2
1,29,1,2,239,RESPONSE,2155,2.040,10.474,-0.130104,-0.398252,-0.268148,1.752993,1.426129,-0.326863,-0.165997,-0.146367,0.019630,-0.326863,0.268148,194.967,-0.042167,-0.033,-0.042167,2,2
1,29,1,3,240,RESPONSE,2155,2.073,11.884,-0.398252,-0.672708,-0.274455,1.426129,1.336916,-0.089214,-0.146367,-0.131495,0.014872,-0.089214,0.274455,194.866,-0.079348,-0.134,-0.079348,1,2
1,29,2,1,249,START,2152,1.293,13.468,-0.652986,-0.772244,-0.119258,1.840629,1.659009,-0.181620,-0.127640,-0.124363,0.003277,-0.181620,0.119258,193.390,-0.367818,0.000,0.000000,1,2
1,29,2,2,250,RESPONSE,2152,1.310,14.533,-0.772244,-1.006253,-0.234008,1.659009,1.555626,-0.103383,-0.124363,-0.107632,0.016731,-0.103383,0.234008,193.194,-0.399409,-0.196,-0.031591,1,2
1,29,2,3,251,RESPONSE,2152,1.324,15.444,-1.006253,-1.349153,-0.342900,1.555626,1.332055,-0.223571,-0.107632,-0.101244,0.006388,-0.223571,0.342900,192.938,-0.426751,-0.452,-0.058932,1,2
1,29,3,1,261,START,2220,0.624,2.686,-1.304590,-1.477121,-0.172530,1.899722,0.295789,-1.603933,-0.097900,-0.096783,0.001116,-1.603933,0.172530,189.647,-0.673726,0.000,0.000000,1,2
1,29,3,2,262,RESPONSE,2220,0.643,3.404,-1.477121,-1.642793,-0.165672,0.295789,0.307372,0.011584,-0.096783,-0.082598,0.014185,0.011584,0.165672,189.272,-0.698311,-0.375,-0.024585,1,2
1,29,3,3,266,PART_CHANGE+WIDTH_CHANGE,2220;2223,2.811,4.519,-1.817676,-1.872754,-0.055078,0.367853,0.293633,-0.074220,-0.067466,-0.063894,0.003572,-0.074220,0.055078,187.497,-0.773148,-2.150,-0.099422,2,4
1,29,3,4,270,PART_CHANGE+WIDTH_CHANGE,2223,1.485,5.607,-1.865165,-1.858273,0.006892,0.390697,0.398983,0.008286,-0.063677,-0.064519,-0.000842,0.008286,-0.006892,185.580,-0.836552,-4.067,-0.162826,1,2
1,29,3,5,282,PART_CHANGE+WIDTH_CHANGE+OFFSET_CHANGE+RESPONSE,2159;2171;2223,25.899,1.128,-1.823862,-1.377188,0.446674,0.759887,-0.682053,-1.441940,-0.068269,-0.058021,0.010248,-1.441940,-0.446674,180.053,-1.031844,-9.594,-0.358118,3,6
1,29,3,6,283,PART_CHANGE+WIDTH_CHANGE+OFFSET_CHANGE,2159,0.866,9.303,-1.377188,-1.289054,0.088134,-0.682053,-0.608611,0.073442,-0.058021,-0.064268,-0.006247,0.073442,-0.088134,179.703,-1.046583,-9.944,-0.372857,1,2
1,29,3,7,287,PART_CHANGE+WIDTH_CHANGE,2159;2171,4.914,9.768,-1.399151,-1.379561,0.019590,-0.412298,-0.470930,-0.058632,-0.053486,-0.050997,0.002489,-0.058632,-0.019590,178.387,-1.103033,-11.260,-0.429307,2,4
1,29,3,8,289,PART_CHANGE+WIDTH_CHANGE,2171,2.710,10.227,-1.401137,-1.385762,0.015375,-0.463189,-0.421082,0.042108,-0.047105,-0.046955,0.000151,0.042108,-0.015375,177.701,-1.127194,-11.946,-0.453468,1,2
1,29,3,9,332,PART_CHANGE+WIDTH_CHANGE,2171;2176,4.000,1.592,-1.085317,-1.074549,0.010767,0.123920,0.019924,-0.103996,-0.034822,-0.035529,-0.000708,-0.103996,-0.010767,165.206,-1.555949,-24.441,-0.882223,3,4
1,29,3,10,342,PART_CHANGE+WIDTH_CHANGE,2176,0.997,2.789,-1.008462,-1.018026,-0.009564,0.071390,0.085353,0.013963,-0.038365,-0.037476,0.000889,0.013963,0.009564,162.642,-1.648602,-27.005,-0.974876,1,2
1,29,3,11,349,PART_CHANGE+WIDTH_CHANGE+OFFSET_CHANGE,2176;2226,8.061,1.092,-1.032441,-1.046323,-0.013882,0.138623,-0.096023,-0.234646,-0.036880,-0.032779,0.004101,-0.234646,0.013882,160.813,-1.712218,-28.834,-1.038492,2,4
1,29,3,12,350,PART_CHANGE+WIDTH_CHANGE,2226,0.989,2.218,-1.046323,-1.028489,0.017834,-0.096023,-0.090497,0.005526,-0.032779,-0.033343,-0.000564,0.005526,-0.017834,160.563,-1.720056,-29.084,-1.046330,1,2
1,29,3,13,401,PART_CHANGE+WIDTH_CHANGE,2226;2231,4.440,8.280,-1.047145,-1.065879,-0.018734,0.351266,0.244337,-0.106929,-0.039261,-0.040387,-0.001126,-0.106929,0.018734,148.311,-2.153606,-41.336,-1.479880,2,4
1,29,3,14,403,PART_CHANGE+WIDTH_CHANGE,2231,0.824,7.019,-1.094389,-1.076789,0.017600,0.254721,0.261686,0.006965,-0.038776,-0.040853,-0.002076,0.006965,-0.017600,147.762,-2.173715,-41.885,-1.499989,1,2
1,29,3,15,404,PART_CHANGE+WIDTH_CHANGE+OFFSET_CHANGE+RESPONSE,2185;2231,33.833,9.209,-1.076789,-0.891644,0.185145,0.261686,-0.260731,-0.522417,-0.040853,-0.010577,0.030276,-0.522417,-0.185145,147.488,-2.184093,-42.159,-1.510367,2,4
1,29,3,16,405,PART_CHANGE+WIDTH_CHANGE+OFFSET_CHANGE,2185,1.632,25.237,-0.891644,-0.785630,0.106014,-0.260731,-0.287991,-0.027260,-0.010577,-0.011131,-0.000554,-0.027260,-0.106014,147.262,-2.186780,-42.385,-1.513054,1,2
1,29,3,17,439,PART_CHANGE+WIDTH_CHANGE+OFFSET_CHANGE,2185;2231,33.833,9.221,0.334321,0.272983,-0.061338,0.429600,-0.069235,-0.498835,0.016527,0.010057,-0.006470,-0.498835,0.061338,146.174,-2.183674,-43.473,-1.509948,2,4
1,29,3,18,440,PART_CHANGE+WIDTH_CHANGE,2231,0.819,7.222,0.272983,0.263472,-0.009511,-0.069235,-0.066163,0.003072,0.010057,0.009440,-0.000616,0.003072,0.009511,146.239,-2.181269,-43.408,-1.507543,1,2
1,29,3,19,445,PART_CHANGE+WIDTH_CHANGE,2226;2231,4.431,8.714,0.199940,0.192862,-0.007078,-0.048236,-0.070601,-0.022365,0.008888,0.006653,-0.002235,-0.022365,0.007078,146.534,-2.169715,-43.113,-1.495989,2,4
1,29,3,20,479,PART_CHANGE+WIDTH_CHANGE,2185;2231,33.833,9.234,-0.221534,-0.161354,0.060180,0.051683,-0.028496,-0.080179,-0.007992,-0.001303,0.006689,-0.080179,-0.060180,146.263,-2.183182,-43.384,-1.509456,2,4
1,30,1,1,241,START,2243;2260,11.000,6.887,0.000000,-0.272992,-0.272992,11.009275,0.345126,-10.664148,0.000000,-0.234179,-0.234179,-10.664148,0.272992,195.000,0.000000,0.000,0.000000,4,4
1,30,1,2,242,PART_CHANGE+WIDTH_CHANGE+OFFSET_CHANGE,2243,5.051,10.384,-0.272992,-0.417026,-0.144033,0.345126,0.414639,0.069513,-0.234179,-0.212584,0.021595,0.069513,0.144033,194.931,-0.059487,-0.069,-0.059487,1,2
1,30,2,1,283,START,2262,0.873,23.058,-0.358728,-0.315275,0.043453,2.945455,0.735137,-2.210318,-0.182866,-0.118826,0.064040,-2.210318,-0.043453,190.968,-2.079680,0.000,0.000000,1,2
1,30,2,2,284,PART_CHANGE+WIDTH_CHANGE+OFFSET_CHANGE+RESPONSE,2254;2261;2262;2263;2268;2270,11.493,19.753,-0.315275,-0.310771,0.004504,0.735137,-0.366161,-1.101298,-0.118826,-0.012545,0.106280,-1.101298,-0.004504,190.888,-2.109865,-0.080,-0.030185,8,12
1,30,2,3,285,PART_CHANGE+WIDTH_CHANGE,2261;2262;2268,6.172,20.969,-0.310771,-0.308627,0.002144,-0.366161,-0.299079,0.067083,-0.012545,-0.012518,0.000027,0.067083,-0.002144,190.813,-2.112865,-0.154,-0.033185,3,6
1,30,2,4,286,PART_CHANGE+WIDTH_CHANGE,2262;2268,4.794,20.210,-0.308627,-0.290339,0.018288,-0.299079,-0.260285,0.038793,-0.012518,-0.011554,0.000964,0.038793,-0.018288,190.739,-2.115858,-0.228,-0.036178,2,4
1,30,2,5,287,PART_CHANGE+WIDTH_CHANGE,2262,0.854,22.112,-0.290339,-0.261585,0.028754,-0.260285,-0.234709,0.025576,-0.011554,-0.010479,0.001075,0.025576,-0.028754,190.670,-2.118621,-0.298,-0.038941,1,2
1,30,2,6,321,PART_CHANGE+WIDTH_CHANGE,2262;2268,4.899,21.770,0.623401,0.668697,0.045295,0.636852,0.629070,-0.007782,0.026471,0.028644,0.002173,-0.007782,-0.045295,192.356,-2.049197,1.388,0.030483,2,4
1,30,2,7,323,PART_CHANGE+WIDTH_CHANGE+OFFSET_CHANGE,2262;2268;2272;2292,21.019,14.054,0.690269,0.762382,0.072113,0.658705,0.146952,-0.511752,0.029750,0.033108,0.003358,-0.511752,-0.072113,192.701,-2.034363,1.733,0.045317,4,8
1,30,2,8,324,PART_CHANGE+WIDTH_CHANGE+OFFSET_CHANGE,2292,0.898,4.183,0.762382,0.770624,0.008242,0.146952,0.155332,0.008379,0.033108,0.033104,-0.000004,0.008379,-0.008242,192.894,-2.025953,1.927,0.053727,1,2
1,30,2,9,364,PART_CHANGE+WIDTH_CHANGE,2291;2292,2.000,12.893,1.078359,1.119033,0.040674,0.775102,0.764279,-0.010823,0.059047,0.059329,0.000282,-0.010823,-0.040674,201.981,-1.590761,11.014,0.488919,3,4
1,30,2,10,365,PART_CHANGE+WIDTH_CHANGE+OFFSET_CHANGE,2280;2288;2289;2290;2291;2292,7.000,10.676,1.119033,1.191148,0.072115,0.764279,0.477760,-0.286518,0.059329,0.063645,0.004316,-0.286518,-0.072115,202.266,-1.575690,11.298,0.503990,12,12
1,30,2,11,366,PART_CHANGE+WIDTH_CHANGE+OFFSET_CHANGE+RESPONSE,2280;2285;2287;2288,23.998,1.523,1.191148,0.732437,-0.458711,0.477760,-0.525889,-1.003649,0.063645,0.040929,-0.022716,-1.003649,0.458711,202.568,-1.559523,11.600,0.520157,7,8
1,30,2,12,367,PART_CHANGE+WIDTH_CHANGE+OFFSET_CHANGE+RESPONSE,2285;2287,5.999,10.327,0.732437,0.497315,-0.235122,-0.525889,-0.651521,-0.125632,0.040929,0.047805,0.006877,-0.125632,0.235122,202.754,-1.549126,11.787,0.530554,4,4
1,30,2,13,370,PART_CHANGE+WIDTH_CHANGE+OFFSET_CHANGE,2285,0.999,12.227,0.660037,0.657671,-0.002366,-0.505151,-0.433336,0.071814,0.034502,0.034308,-0.000194,0.071814,0.002366,203.195,-1.517740,12.227,0.561940,1,2
1,30,2,14,440,PART_CHANGE+WIDTH_CHANGE+OFFSET_CHANGE,2285;2287,5.997,10.114,-0.634600,-0.658270,-0.023670,0.429302,0.418955,-0.010347,-0.033091,-0.034677,-0.001586,-0.010347,0.023670,203.081,-1.537824,12.114,0.541856,3,4
1,30,2,15,444,PART_CHANGE+WIDTH_CHANGE+OFFSET_CHANGE+RESPONSE,2280;2287;2288;2289;2290;2291;2292,27.000,0.687,-0.736021,-0.474736,0.261284,0.304324,-0.330497,-0.634821,-0.039671,-0.024411,0.015260,-0.634821,-0.261284,202.381,-1.575091,11.413,0.504589,13,14
1,30,2,16,445,PART_CHANGE+WIDTH_CHANGE+OFFSET_CHANGE,2280;2288;2289;2290;2291;2292,7.000,10.571,-0.474736,-0.435720,0.039017,-0.330497,-0.327015,0.003482,-0.024411,-0.023225,0.001186,0.003482,-0.039017,202.260,-1.581292,11.292,0.498388,11,12
1,30,2,17,446,PART_CHANGE+WIDTH_CHANGE,2288;2289;2290;2291;2292,4.999,11.460,-0.435720,-0.412183,0.023537,-0.327015,-0.306249,0.020765,-0.023225,-0.021896,0.001329,0.020765,-0.023537,202.149,-1.587191,11.182,0.492488,9,10
1,30,2,18,447,PART_CHANGE+WIDTH_CHANGE,2289;2290;2291;2292,3.999,11.855,-0.412183,-0.389384,0.022799,-0.306249,-0.285242,0.021007,-0.021896,-0.020572,0.001324,0.021007,-0.022799,202.045,-1.592754,11.077,0.486926,7,8
1,30,2,19,448,PART_CHANGE+WIDTH_CHANGE,2290;2291;2292,2.999,12.256,-0.389384,-0.365989,0.023395,-0.285242,-0.265198,0.020044,-0.020572,-0.019278,0.001294,0.020044,-0.023395,201.946,-1.597980,10.978,0.481700,5,6
1,30,2,20,450,PART_CHANGE,2291;2292,1.999,12.586,-0.343863,-0.322182,0.021681,-0.247129,-0.229120,0.018008,-0.018061,-0.016845,0.001216,0.018008,-0.021681,201.776,-1.606909,10.808,0.472771,3,4
1,30,2,21,482,PART_CHANGE,2290;2291;2292,2.999,12.259,0.346214,0.365695,0.019481,0.230267,0.232816,0.002549,0.018172,0.019798,0.001626,0.002549,-0.019481,201.951,-1.597834,10.983,0.481846,5,6
1,30,2,22,484,PART_CHANGE+WIDTH_CHANGE,2289;2290;2291;2292,3.999,11.953,0.389142,0.412822,0.023680,0.244277,0.240450,-0.003827,0.020639,0.021952,0.001313,-0.003827,-0.023680,202.143,-1.587562,11.175,0.492118,7,8
1,30,2,23,485,PART_CHANGE+WIDTH_CHANGE,2288;2289;2290;2291;2292,5.000,11.558,0.412822,0.435292,0.022469,0.240450,0.233437,-0.007013,0.021952,0.023210,0.001258,-0.007013,-0.022469,202.248,-1.581986,11.280,0.497694,9,10
1,30,2,24,486,PART_CHANGE+WIDTH_CHANGE,2280;2288;2289;2290;2291;2292,7.000,10.668,0.435292,0.459216,0.023924,0.233437,0.181433,-0.052004,0.023210,0.024732,0.001522,-0.052004,-0.023924,202.358,-1.576090,11.391,0.503590,12,12
1,30,2,25,487,PART_CHANGE+WIDTH_CHANGE+OFFSET_CHANGE+RESPONSE,2280;2285;2287;2288;2289;2290;2291;2292,28.000,0.285,0.459216,0.272681,-0.186535,0.181433,-0.193484,-0.374917,0.024732,0.014655,-0.010076,-0.374917,0.186535,202.475,-1.569807,11.507,0.509873,16,16
1,30,2,26,488,PART_CHANGE+WIDTH_CHANGE+OFFSET_CHANGE,2285;2287,6.000,10.645,0.272681,0.249263,-0.023418,-0.193484,-0.181412,0.012072,0.014655,0.012999,-0.001656,0.012072,0.023418,202.544,-1.566085,11.577,0.513595,4,4
1,30,2,27,512,PART_CHANGE+WIDTH_CHANGE+OFFSET_CHANGE,2280;2285;2287;2288;2289;2290,26.000,0.714,-0.259297,-0.174887,0.084410,0.115872,-0.103989,-0.219862,-0.014213,-0.008480,0.005734,-0.219862,-0.084410,202.480,-1.569794,11.513,0.509886,11,12
1,30,2,28,513,PART_CHANGE+WIDTH_CHANGE,2280;2285;2287;2288;2289;2290;2291;2292,28.000,0.248,-0.174887,-0.142346,0.032541,-0.103989,-0.101469,0.002520,-0.008480,-0.007567,0.000913,0.002520,-0.032541,202.438,-1.571821,11.471,0.507858,16,16
1,30,2,29,514,PART_CHANGE+WIDTH_CHANGE+OFFSET_CHANGE,2280;2288;2289;2290;2291;2292,7.000,10.714,-0.142346,-0.119195,0.023150,-0.101469,-0.087118,0.014351,-0.007567,-0.006308,0.001259,0.014351,-0.023150,202.404,-1.573631,11.437,0.506049,12,12
