piece,phase,frame,time_ms,landing_frame,x,y,velocity_x,velocity_y,angular_velocity,angle,sleeping,ground_contact,contact_width_px,contact_center_offset_px,contact_points,contact_parts,pre_velocity_x,pre_velocity_y,pre_angular_velocity,delta_velocity_x,delta_velocity_y,delta_angular_velocity,collision_normal_x,collision_normal_y,collision_depth,collision_separation,collision_pair_count,collision_contact_count,collision_support_count,collision_contact_part_count
31,falling,0,21.0,,195.000,96.616,0.00000,0.54390,0.000000,0.000000,0,0,0.000,0.000,0,0,0.00000,0.00000,0.000000,0.00000,0.54390,0.000000,,,,,0,0,0,0
31,falling,1,30.0,,195.000,97.002,0.00000,0.70513,0.000000,0.000000,0,0,0.000,0.000,0,0,0.00000,0.54390,0.000000,0.00000,0.16123,0.000000,,,,,0,0,0,0
31,falling,2,46.0,,195.000,97.895,0.00000,0.97612,0.000000,0.000000,0,0,0.000,0.000,0,0,0.00000,0.70513,0.000000,0.00000,0.27099,0.000000,,,,,0,0,0,0
31,falling,3,63.0,,195.000,99.061,0.00000,1.24298,0.000000,0.000000,0,0,0.000,0.000,0,0,0.00000,0.97612,0.000000,0.00000,0.26686,0.000000,,,,,0,0,0,0
31,falling,4,80.0,,195.000,100.403,0.00000,1.49041,0.000000,0.000000,0,0,0.000,0.000,0,0,0.00000,1.24298,0.000000,0.00000,0.24743,0.000000,,,,,0,0,0,0
31,falling,5,96.0,,195.000,102.089,0.00000,1.74945,0.000000,0.000000,0,0,0.000,0.000,0,0,0.00000,1.49041,0.000000,0.00000,0.25904,0.000000,,,,,0,0,0,0
31,falling,6,113.0,,195.000,104.036,0.00000,2.00454,0.000000,0.000000,0,0,0.000,0.000,0,0,0.00000,1.74945,0.000000,0.00000,0.25510,0.000000,,,,,0,0,0,0
31,falling,7,130.0,,195.000,106.102,0.00000,2.24106,0.000000,0.000000,0,0,0.000,0.000,0,0,0.00000,2.00454,0.000000,0.00000,0.23652,0.000000,,,,,0,0,0,0
31,falling,8,146.0,,195.000,108.546,0.00000,2.48868,0.000000,0.000000,0,0,0.000,0.000,0,0,0.00000,2.24106,0.000000,0.00000,0.24762,0.000000,,,,,0,0,0,0
31,falling,9,163.0,,195.000,111.241,0.00000,2.73254,0.000000,0.000000,0,0,0.000,0.000,0,0,0.00000,2.48868,0.000000,0.00000,0.24385,0.000000,,,,,0,0,0,0
31,falling,10,180.0,,195.000,114.000,0.00000,2.95863,0.000000,0.000000,0,0,0.000,0.000,0,0,0.00000,2.73254,0.000000,0.00000,0.22609,0.000000,,,,,0,0,0,0
31,falling,20,346.0,,195.000,155.089,0.00000,5.13381,0.000000,0.000000,0,0,0.000,0.000,0,0,0.00000,4.93932,0.000000,0.00000,0.19449,0.000000,,,,,0,0,0,0
31,falling,30,513.0,,195.000,216.374,0.00000,7.00491,0.000000,0.000000,0,0,0.000,0.000,0,0,0.00000,6.82705,0.000000,0.00000,0.17786,0.000000,,,,,0,0,0,0
31,falling,40,680.0,,195.000,295.030,0.00000,8.61444,0.000000,0.000000,0,0,0.000,0.000,0,0,0.00000,8.46145,0.000000,0.00000,0.15299,0.000000,,,,,0,0,0,0
31,falling,50,847.0,,195.000,388.029,0.00000,9.99127,0.000000,0.000000,0,0,0.000,0.000,0,0,0.00000,9.86737,0.000000,0.00000,0.12391,0.000000,,,,,0,0,0,0
31,falling,57,964.0,,195.000,461.325,0.00000,10.84506,0.000000,0.000000,0,0,0.000,0.000,0,0,0.00000,10.72652,0.000000,0.00000,0.11854,0.000000,,,,,0,0,0,0
31,falling,58,980.0,,195.000,472.461,0.00000,10.96179,0.000000,0.000000,0,0,0.000,0.000,0,0,0.00000,10.84506,0.000000,0.00000,0.11673,0.000000,,,,,0,0,0,0
31,post_landing,59,997.0,59,195.000,482.111,0.00000,0.47602,0.000000,0.000000,0,1,9.000,-5.863,6,3,0.00000,10.96179,0.000000,0.41107,-10.48577,0.165040,0.000000,1.000000,2.629918,1.025500,3,6,6,3
31,post_landing,60,1014.0,59,195.551,481.835,0.62618,0.73443,0.095604,0.108551,0,0,0.000,0.000,0,0,0.00000,0.47602,0.000000,0.62618,0.25841,0.095604,,,,,0,0,0,0
31,post_landing,61,1030.0,59,196.183,482.757,0.61666,1.00497,0.094150,0.205138,0,0,0.000,0.000,0,0,0.62618,0.73443,0.095604,-0.00953,0.27054,-0.001454,,,,,0,0,0,0
31,post_landing,62,1047.0,59,196.770,483.872,0.60782,1.25581,0.092801,0.294711,0,0,0.000,0.000,0,0,0.61666,1.00497,0.094150,-0.00883,0.25084,-0.001348,,,,,0,0,0,0
31,post_landing,63,1064.0,59,197.384,485.321,0.59858,1.51842,0.091390,0.388467,0,0,0.000,0.000,0,0,0.60782,1.25581,0.092801,-0.00925,0.26261,-0.001412,,,,,0,0,0,0
31,post_landing,64,1080.0,59,197.989,487.035,0.58947,1.77703,0.089999,0.480796,0,0,0.000,0.000,0,0,0.59858,1.51842,0.091390,-0.00911,0.25861,-0.001390,,,,,0,0,0,0
31,post_landing,65,1097.0,59,198.550,488.885,0.58103,2.01681,0.088710,0.566421,0,0,0.000,0.000,0,0,0.58947,1.77703,0.089999,-0.00844,0.23978,-0.001289,,,,,0,0,0,0
31,post_landing,66,1114.0,59,199.137,491.080,0.66320,1.63116,0.104154,0.656043,0,1,0.000,-13.416,1,1,0.58103,2.01681,0.088710,0.08217,-0.38565,0.015444,0.000000,1.000000,0.050064,0.023390,1,1,2,1
31,post_landing,67,1131.0,59,200.121,492.371,1.36665,0.99859,0.060953,0.743836,0,1,0.000,-15.990,1,1,0.66320,1.63116,0.104154,0.70344,-0.63257,-0.043201,0.000000,1.000000,0.047077,0.023647,1,1,2,1
31,post_landing,68,1147.0,59,201.633,493.328,1.58571,0.87872,0.055668,0.801469,0,1,1.414,-16.907,2,2,1.36665,0.99859,0.060953,0.21906,-0.11986,-0.005286,0.000000,1.000000,0.051815,0.035579,2,2,4,2
31,post_landing,69,1164.0,59,203.137,494.255,1.59425,1.04345,0.058733,0.856912,0,1,0.000,-17.711,1,1,1.58571,0.87872,0.055668,0.00855,0.16473,0.003066,0.000000,1.000000,0.029837,0.023499,1,1,2,1
31,post_landing,70,1181.0,59,204.766,495.376,1.61454,1.21309,0.061389,0.917362,0,1,0.000,-19.296,1,1,1.59425,1.04345,0.058733,0.02028,0.16964,0.002656,0.000000,1.000000,0.049730,0.023419,1,1,2,1
31,post_landing,71,1197.0,59,206.410,496.663,1.62002,1.38926,0.066106,0.981375,0,1,0.000,-20.897,1,1,1.61454,1.21309,0.061389,0.00548,0.17618,0.004717,0.000000,1.000000,0.046442,0.023701,1,1,2,1
31,post_landing,72,1214.0,59,207.957,498.068,1.61265,1.57564,0.070229,1.046288,0,1,0.000,-22.433,1,1,1.62002,1.38926,0.066106,-0.00737,0.18638,0.004124,0.000000,1.000000,0.037304,0.022857,1,1,2,1
31,post_landing,73,1231.0,59,209.588,499.767,1.58595,1.79351,0.074588,1.119285,0,1,0.000,-24.048,1,1,1.61265,1.57564,0.070229,-0.02670,0.21786,0.004359,0.000000,1.000000,0.040817,0.024184,1,1,2,1
31,post_landing,74,1247.0,59,211.089,501.563,1.79019,1.44340,0.098266,1.192178,0,1,10.770,-20.147,2,2,1.58595,1.79351,0.074588,0.20424,-0.35011,0.023678,0.000000,1.000000,0.057791,0.032139,2,2,4,2
31,post_landing,75,1264.0,59,212.929,503.107,1.77997,1.65020,0.099334,1.291101,0,1,0.000,-16.613,1,1,1.79019,1.44340,0.098266,-0.01023,0.20680,0.001068,0.000000,1.000000,0.038919,0.024347,1,1,2,1
31,post_landing,76,1281.0,59,214.478,503.262,1.26841,-0.36910,0.060957,1.355917,0,1,0.000,6.012,1,1,1.77997,1.65020,0.099334,-0.51156,-2.01930,-0.038378,0.000000,1.000000,0.041262,0.025421,1,1,2,1
31,post_landing,77,1297.0,59,215.711,502.916,1.15262,-0.30911,0.062920,1.419532,0,1,0.000,4.870,1,1,1.26841,-0.36910,0.060957,-0.11579,0.05999,0.001963,0.000000,1.000000,0.037339,0.025664,1,1,2,1
31,post_landing,78,1314.0,59,216.793,502.657,1.10958,-0.23385,0.060201,1.479145,0,1,0.000,3.783,1,1,1.15262,-0.30911,0.062920,-0.04304,0.07525,-0.002719,0.000000,1.000000,0.040859,0.023399,1,1,2,1
31,post_landing,79,1331.0,59,217.917,502.483,1.07172,-0.21349,0.056428,1.538318,0,1,0.999,3.189,3,2,1.10958,-0.23385,0.060201,-0.03786,0.02036,-0.003773,0.000000,1.000000,0.006923,0.009264,2,3,4,2
31,post_landing,80,1347.0,59,218.951,502.211,0.92438,-0.39660,0.047209,1.590868,0,1,0.000,8.710,1,1,1.07172,-0.21349,0.056428,-0.14734,-0.18311,-0.009219,0.000000,1.000000,0.044032,0.023908,1,1,2,1
31,post_landing,81,1364.0,59,219.795,501.839,0.85003,-0.34826,0.042842,1.635615,0,1,0.000,7.859,1,1,0.92438,-0.39660,0.047209,-0.07435,0.04833,-0.004366,0.000000,1.000000,0.042586,0.023275,1,1,2,1
31,post_landing,82,1381.0,59,220.623,501.518,0.79080,-0.28467,0.038076,1.678906,0,1,0.000,7.022,1,1,0.85003,-0.34826,0.042842,-0.05923,0.06359,-0.004766,0.000000,1.000000,0.046397,0.024795,1,1,2,1
31,post_landing,83,1397.0,59,221.340,501.268,0.71462,-0.22709,0.036893,1.716272,0,1,0.000,6.288,1,1,0.79080,-0.28467,0.038076,-0.07618,0.05758,-0.001183,0.000000,1.000000,0.044229,0.023392,1,1,2,1
31,post_landing,84,1414.0,59,222.039,501.051,0.65182,-0.18253,0.034280,1.752989,0,1,0.000,5.559,1,1,0.71462,-0.22709,0.036893,-0.06280,0.04456,-0.002613,0.000000,1.000000,0.046374,0.025015,1,1,2,1
31,post_landing,85,1431.0,59,222.690,500.880,0.61750,-0.14945,0.029290,1.785607,0,1,0.000,4.904,1,1,0.65182,-0.18253,0.034280,-0.03432,0.03308,-0.004990,0.000000,1.000000,0.041208,0.025549,1,1,2,1
31,post_landing,86,1447.0,59,223.259,500.751,0.56333,-0.11977,0.027955,1.813353,0,1,0.000,4.343,1,1,0.61750,-0.14945,0.029290,-0.05417,0.02968,-0.001335,0.000000,1.000000,0.037491,0.023924,1,1,2,1
31,post_landing,87,1464.0,59,223.820,500.643,0.52188,-0.09730,0.025446,1.840170,0,1,0.000,3.798,1,1,0.56333,-0.11977,0.027955,-0.04145,0.02246,-0.002509,0.000000,1.000000,0.044616,0.024840,1,1,2,1
31,post_landing,88,1481.0,59,224.264,500.381,0.29043,-0.17478,0.007204,1.858012,0,1,0.000,25.273,1,1,0.52188,-0.09730,0.025446,-0.23146,-0.07747,-0.018243,0.000000,1.000000,0.048674,0.028466,1,1,2,1
31,post_landing,89,1497.0,59,224.499,500.242,0.14082,-0.04394,0.002329,1.863634,0,1,0.000,25.157,1,1,0.29043,-0.17478,0.007204,-0.14960,0.13084,-0.004875,0.000000,1.000000,0.047640,0.025102,1,1,2,1
31,post_landing,90,1514.0,59,224.589,500.233,0.01974,0.08618,-0.002911,1.863983,0,1,0.000,25.150,1,1,0.14082,-0.04394,0.002329,-0.12109,0.13012,-0.005239,0.000000,1.000000,0.044508,0.022238,1,1,2,1
31,post_landing,91,1531.0,59,224.565,500.363,-0.09689,0.23040,-0.008548,1.858890,0,1,0.000,25.255,1,1,0.01974,0.08618,-0.002911,-0.11663,0.14422,-0.005637,0.000000,1.000000,0.048834,0.023496,1,1,2,1
31,post_landing,92,1547.0,59,224.414,500.617,-0.22486,0.03996,-0.011095,1.848584,0,1,21.840,14.547,2,2,-0.09689,0.23040,-0.008548,-0.12797,-0.19044,-0.002548,0.000000,1.000000,0.019257,0.032047,2,2,4,2
31,post_landing,93,1564.0,59,224.182,500.650,-0.25924,0.04955,-0.012003,1.838277,0,1,0.000,3.837,1,1,-0.22486,0.03996,-0.011095,-0.03437,0.00960,-0.000908,0.000000,1.000000,0.043172,0.022353,1,1,2,1
31,post_landing,94,1581.0,59,223.898,500.699,-0.30722,0.06166,-0.011909,1.826341,0,1,0.000,4.080,1,1,-0.25924,0.04955,-0.012003,-0.04799,0.01211,0.000095,0.000000,1.000000,0.047580,0.023603,1,1,2,1
31,post_landing,95,1597.0,59,223.581,500.757,-0.30575,0.06571,-0.017903,1.812673,0,1,0.000,4.357,1,1,-0.30722,0.06166,-0.011909,0.00148,0.00405,-0.005995,0.000000,1.000000,0.048566,0.023519,1,1,2,1
31,post_landing,96,1614.0,59,223.257,500.825,-0.35502,0.09183,-0.017636,1.797118,0,1,0.000,4.672,1,1,-0.30575,0.06571,-0.017903,-0.04927,0.02612,0.000267,0.000000,1.000000,0.039085,0.022704,1,1,2,1
31,post_landing,97,1631.0,59,222.872,500.913,-0.41168,0.10291,-0.017734,1.779400,0,1,0.000,5.029,1,1,-0.35502,0.09183,-0.017636,-0.05666,0.01108,-0.000098,0.000000,1.000000,0.049241,0.023461,1,1,2,1
31,post_landing,98,1647.0,59,222.450,501.018,-0.44676,0.12032,-0.020560,1.759170,0,1,0.000,5.435,1,1,-0.41168,0.10291,-0.017734,-0.03509,0.01741,-0.002826,0.000000,1.000000,0.043359,0.023966,1,1,2,1
31,post_landing,99,1664.0,59,222.020,501.140,-0.46197,0.13636,-0.025722,1.737466,0,1,0.000,5.868,1,1,-0.44676,0.12032,-0.020560,-0.01521,0.01604,-0.005162,0.000000,1.000000,0.042182,0.022438,1,1,2,1
31,post_landing,100,1681.0,59,221.519,501.297,-0.51847,0.16004,-0.027149,1.711984,0,1,0.000,6.373,1,1,-0.46197,0.13636,-0.025722,-0.05650,0.02368,-0.001428,0.000000,1.000000,0.048424,0.023531,1,1,2,1
31,post_landing,101,1697.0,59,220.982,501.492,-0.56495,0.18670,-0.030275,1.682679,0,1,0.000,6.948,1,1,-0.51847,0.16004,-0.027149,-0.04647,0.02666,-0.003126,0.000000,1.000000,0.038611,0.024374,1,1,2,1
31,post_landing,102,1714.0,59,220.424,501.704,-0.61587,0.23974,-0.032004,1.653164,0,1,0.000,7.522,1,1,-0.56495,0.18670,-0.030275,-0.05092,0.05305,-0.001729,0.000000,1.000000,0.044772,0.022216,1,1,2,1
31,post_landing,103,1731.0,59,219.778,501.969,-0.66550,0.28516,-0.035475,1.619581,0,1,0.000,8.166,1,1,-0.61587,0.23974,-0.032004,-0.04963,0.04542,-0.003472,0.000000,1.000000,0.043963,0.023914,1,1,2,1
31,post_landing,104,1747.0,59,219.080,502.287,-0.70905,0.33564,-0.040148,1.582283,0,1,0.000,8.871,1,1,-0.66550,0.28516,-0.035475,-0.04355,0.05048,-0.004672,0.000000,1.000000,0.046621,0.023686,1,1,2,1
31,post_landing,105,1764.0,59,218.374,502.463,-0.73142,0.10850,-0.042556,1.543944,0,1,1.000,3.085,3,2,-0.70905,0.33564,-0.040148,-0.02237,-0.22715,-0.002408,0.000000,1.000000,0.046510,0.037424,2,3,4,2
31,post_landing,106,1781.0,59,217.607,502.610,-0.76706,0.13890,-0.041340,1.502232,0,1,0.998,3.856,3,2,-0.73142,0.10850,-0.042556,-0.03564,0.03040,0.001216,0.000000,1.000000,0.071523,0.059755,2,3,4,2
31,post_landing,107,1797.0,59,216.818,502.735,-0.77743,0.17562,-0.043649,1.460076,0,1,0.000,4.132,1,1,-0.76706,0.13890,-0.041340,-0.01036,0.03672,-0.002309,0.000000,1.000000,0.043952,0.023915,1,1,2,1
31,post_landing,108,1814.0,59,216.057,502.919,-0.80296,0.21164,-0.045124,1.418762,0,1,0.000,4.884,1,1,-0.77743,0.17562,-0.043649,-0.02553,0.03602,-0.001475,0.000000,1.000000,0.039334,0.022683,1,1,2,1
31,post_landing,109,1831.0,59,215.234,503.170,-0.83964,0.26936,-0.046196,1.371852,0,1,0.000,5.728,1,1,-0.80296,0.21164,-0.045124,-0.03669,0.05772,-0.001072,0.000000,1.000000,0.041172,0.024154,1,1,2,1
31,post_landing,110,1847.0,59,214.373,503.468,-0.86226,0.32334,-0.049783,1.323462,0,1,0.000,6.585,1,1,-0.83964,0.26936,-0.046196,-0.02262,0.05398,-0.003587,0.000000,1.000000,0.040464,0.024215,1,1,2,1
31,post_landing,111,1864.0,59,213.734,503.299,-0.44109,-0.21669,-0.013654,1.302783,0,1,0.000,-16.821,1,1,-0.86226,0.32334,-0.049783,0.42116,-0.54003,0.036129,0.000000,1.000000,0.035344,0.024809,1,1,2,1
31,post_landing,112,1881.0,59,213.352,503.107,-0.28411,-0.14984,-0.008114,1.291123,0,1,0.000,-16.613,1,1,-0.44109,-0.21669,-0.013654,0.15699,0.06685,0.005540,0.000000,1.000000,0.040013,0.025233,1,1,2,1
31,post_landing,113,1897.0,59,213.109,503.007,-0.16622,-0.05187,-0.002247,1.285078,0,1,0.000,-16.505,1,1,-0.28411,-0.14984,-0.008114,0.11789,0.09797,0.005867,0.000000,1.000000,0.040041,0.025235,1,1,2,1
31,post_landing,114,1914.0,59,212.990,503.002,-0.05837,0.03974,0.003205,1.284839,0,1,0.000,-16.501,1,1,-0.16622,-0.05187,-0.002247,0.10785,0.09160,0.005451,0.000000,1.000000,0.037809,0.022814,1,1,2,1
31,post_landing,115,1931.0,59,212.970,503.097,0.04618,0.14073,0.009376,1.290501,0,1,0.000,-16.602,1,1,-0.05837,0.03974,0.003205,0.10455,0.10099,0.006171,0.000000,1.000000,0.040760,0.024189,1,1,2,1
31,post_landing,116,1947.0,59,213.057,503.294,0.15080,0.24275,0.015310,1.302295,0,1,0.000,-16.813,1,1,0.04618,0.14073,0.009376,0.10462,0.10203,0.005934,0.000000,1.000000,0.040764,0.024189,1,1,2,1
31,post_landing,117,1964.0,59,213.217,503.520,0.12728,-0.04880,0.007262,1.316150,0,1,23.770,-5.172,2,2,0.15080,0.24275,0.015310,-0.02352,-0.29156,-0.008048,0.000000,1.000000,0.022995,0.030813,2,2,4,2
31,post_landing,118,1981.0,59,213.324,503.478,0.04239,-0.01704,0.005983,1.321915,0,1,0.000,6.612,1,1,0.12728,-0.04880,0.007262,-0.08488,0.03177,-0.001279,0.000000,1.000000,0.040384,0.024221,1,1,2,1
31,post_landing,119,1997.0,59,213.359,503.458,0.00676,-0.00254,-0.000461,1.324963,0,1,0.000,6.558,1,1,0.04239,-0.01704,0.005983,-0.03564,0.01450,-0.006445,0.000000,1.000000,0.048404,0.023533,1,1,2,1
32,falling,0,20.0,,195.000,96.616,0.00000,0.54390,0.000000,0.000000,0,0,0.000,0.000,0,0,0.00000,0.00000,0.000000,0.00000,0.54390,0.000000,,,,,0,0,0,0
32,falling,1,25.0,,195.000,96.833,0.00000,0.64077,0.000000,0.000000,0,0,0.000,0.000,0,0,0.00000,0.54390,0.000000,0.00000,0.09687,0.000000,,,,,0,0,0,0
32,falling,2,41.0,,195.000,97.602,0.00000,0.89682,0.000000,0.000000,0,0,0.000,0.000,0,0,0.00000,0.64077,0.000000,0.00000,0.25605,0.000000,,,,,0,0,0,0
32,falling,3,58.0,,195.000,98.688,0.00000,1.16489,0.000000,0.000000,0,0,0.000,0.000,0,0,0.00000,0.89682,0.000000,0.00000,0.26807,0.000000,,,,,0,0,0,0
32,falling,4,75.0,,195.000,99.956,0.00000,1.41344,0.000000,0.000000,0,0,0.000,0.000,0,0,0.00000,1.16489,0.000000,0.00000,0.24855,0.000000,,,,,0,0,0,0
32,falling,5,91.0,,195.000,101.564,0.00000,1.67365,0.000000,0.000000,0,0,0.000,0.000,0,0,0.00000,1.41344,0.000000,0.00000,0.26021,0.000000,,,,,0,0,0,0
32,falling,6,108.0,,195.000,103.435,0.00000,1.92990,0.000000,0.000000,0,0,0.000,0.000,0,0,0.00000,1.67365,0.000000,0.00000,0.25625,0.000000,,,,,0,0,0,0
32,falling,7,125.0,,195.000,105.430,0.00000,2.16749,0.000000,0.000000,0,0,0.000,0.000,0,0,0.00000,1.92990,0.000000,0.00000,0.23759,0.000000,,,,,0,0,0,0
32,falling,8,141.0,,195.000,107.800,0.00000,2.41623,0.000000,0.000000,0,0,0.000,0.000,0,0,0.00000,2.16749,0.000000,0.00000,0.24874,0.000000,,,,,0,0,0,0
32,falling,9,158.0,,195.000,110.421,0.00000,2.66118,0.000000,0.000000,0,0,0.000,0.000,0,0,0.00000,2.41623,0.000000,0.00000,0.24496,0.000000,,,,,0,0,0,0
32,falling,10,175.0,,195.000,113.112,0.00000,2.88830,0.000000,0.000000,0,0,0.000,0.000,0,0,0.00000,2.66118,0.000000,0.00000,0.22712,0.000000,,,,,0,0,0,0
32,falling,20,341.0,,195.000,153.548,0.00000,5.07331,0.000000,0.000000,0,0,0.000,0.000,0,0,0.00000,4.86562,0.000000,0.00000,0.20769,0.000000,,,,,0,0,0,0
32,falling,30,508.0,,195.000,214.271,0.00000,6.95287,0.000000,0.000000,0,0,0.000,0.000,0,0,0.00000,6.77421,0.000000,0.00000,0.17866,0.000000,,,,,0,0,0,0
32,falling,40,675.0,,195.000,292.445,0.00000,8.56968,0.000000,0.000000,0,0,0.000,0.000,0,0,0.00000,8.41599,0.000000,0.00000,0.15368,0.000000,,,,,0,0,0,0
32,falling,50,842.0,,195.000,385.030,0.00000,9.95273,0.000000,0.000000,0,0,0.000,0.000,0,0,0.00000,9.82826,0.000000,0.00000,0.12447,0.000000,,,,,0,0,0,0
32,falling,60,1009.0,,194.804,483.452,-0.46821,0.76261,-0.171161,-0.103032,0,0,0.000,0.000,0,0,0.00000,11.03635,0.000000,-0.46821,-10.27374,-0.171161,,,,,0,0,0,0
32,falling,61,1025.0,,194.331,484.402,-0.46109,1.03272,-0.168557,-0.275953,0,0,0.000,0.000,0,0,-0.46821,0.76261,-0.171161,0.00712,0.27011,0.002604,,,,,0,0,0,0
32,falling,62,1042.0,,193.893,485.544,-0.45448,1.28316,-0.166143,-0.436316,0,0,0.000,0.000,0,0,-0.46109,1.03272,-0.168557,0.00660,0.25044,0.002414,,,,,0,0,0,0
32,post_landing,63,1059.0,63,193.330,486.013,-0.73428,-0.04597,-0.018810,-0.545678,0,1,0.000,-1.720,1,1,-0.45448,1.28316,-0.166143,-0.27979,-1.32913,0.147333,0.000000,1.000000,0.035369,0.026009,1,1,2,1
32,post_landing,64,1077.0,63,192.598,485.987,-0.72170,-0.02331,-0.015640,-0.566730,0,1,0.000,-0.983,1,1,-0.73428,-0.04597,-0.018810,0.01257,0.02266,0.003169,0.000000,1.000000,0.046719,0.023677,1,1,2,1
32,post_landing,65,1092.0,63,191.920,485.973,-0.68075,-0.00658,-0.024846,-0.584123,0,1,0.000,-0.373,1,1,-0.72170,-0.02331,-0.015640,0.04095,0.01673,-0.009206,0.000000,1.000000,0.040066,0.022620,1,1,2,1
32,post_landing,66,1109.0,63,191.221,485.975,-0.67017,0.00602,-0.024840,-0.605059,0,1,0.000,0.361,1,1,-0.68075,-0.00658,-0.024846,0.01058,0.01260,0.000006,0.000000,1.000000,0.044981,0.023827,1,1,2,1
32,post_landing,67,1125.0,63,190.532,485.991,-0.66348,0.01963,-0.025560,-0.626772,0,1,0.000,1.122,1,1,-0.67017,0.00602,-0.024840,0.00670,0.01362,-0.000720,0.000000,1.000000,0.046350,0.023709,1,1,2,1
32,post_landing,68,1142.0,63,189.888,486.020,-0.68916,0.04354,-0.016453,-0.647821,0,1,0.000,1.859,1,1,-0.66348,0.01963,-0.025560,-0.02568,0.02391,0.009107,0.000000,1.000000,0.037569,0.022834,1,1,2,1
32,post_landing,69,1159.0,63,189.196,486.067,-0.69649,0.06068,-0.015949,-0.668282,0,1,0.000,2.574,1,1,-0.68916,0.04354,-0.016453,-0.00733,0.01714,0.000504,0.000000,1.000000,0.039886,0.024264,1,1,2,1
32,post_landing,70,1176.0,63,188.497,486.128,-0.70299,0.08183,-0.017495,-0.689013,0,1,0.000,3.299,1,1,-0.69649,0.06068,-0.015949,-0.00650,0.02114,-0.001546,0.000000,1.000000,0.038735,0.024363,1,1,2,1
32,post_landing,71,1192.0,63,187.825,486.197,-0.72656,0.08453,-0.015095,-0.708342,0,1,0.000,3.973,1,1,-0.70299,0.08183,-0.017495,-0.02357,0.00271,0.002400,0.000000,1.000000,0.035321,0.023028,1,1,2,1
32,post_landing,72,1209.0,63,187.088,486.279,-0.73316,0.12065,-0.019467,-0.726995,0,1,0.000,4.621,1,1,-0.72656,0.08453,-0.015095,-0.00660,0.03612,-0.004372,0.000000,1.000000,0.052590,0.023173,1,1,2,1
32,post_landing,73,1226.0,63,186.335,486.381,-0.75823,0.13913,-0.019864,-0.747342,0,1,0.000,5.327,1,1,-0.73316,0.12065,-0.019467,-0.02507,0.01848,-0.000397,0.000000,1.000000,0.053287,0.023113,1,1,2,1
32,post_landing,74,1242.0,63,185.590,486.469,-0.78167,0.11243,-0.024380,-0.763360,0,1,0.000,5.882,1,1,-0.75823,0.13913,-0.019864,-0.02344,-0.02669,-0.004516,0.000000,1.000000,0.058627,0.021026,1,1,2,1
32,post_landing,75,1259.0,63,184.779,486.605,-0.82604,0.16370,-0.019184,-0.784857,0,1,0.000,6.623,1,1,-0.78167,0.11243,-0.024380,-0.04437,0.05126,0.005195,0.000000,1.000000,0.054324,0.023024,1,1,2,1
32,post_landing,76,1275.0,63,183.934,486.764,-0.85498,0.19994,-0.021900,-0.807528,0,1,0.000,7.402,1,1,-0.82604,0.16370,-0.019184,-0.02894,0.03624,-0.002716,0.000000,1.000000,0.053188,0.023122,1,1,2,1
32,post_landing,77,1292.0,63,183.102,486.927,-0.89380,0.22153,-0.023058,-0.828788,0,1,0.000,8.129,1,1,-0.85498,0.19994,-0.021900,-0.03881,0.02159,-0.001157,0.000000,1.000000,0.049304,0.021826,1,1,2,1
32,post_landing,78,1309.0,63,182.176,487.131,-0.91503,0.25154,-0.032506,-0.852431,0,1,0.000,8.932,1,1,-0.89380,0.22153,-0.023058,-0.02123,0.03001,-0.009449,0.000000,1.000000,0.054709,0.022991,1,1,2,1
32,post_landing,79,1325.0,63,181.218,487.408,-0.96395,0.29328,-0.033431,-0.881976,0,1,0.000,9.930,1,1,-0.91503,0.25154,-0.032506,-0.04892,0.04173,-0.000925,0.000000,1.000000,0.034639,0.024715,1,1,2,1
32,post_landing,80,1342.0,63,180.271,487.721,-1.01912,0.33160,-0.033400,-0.912152,0,1,0.000,10.940,1,1,-0.96395,0.29328,-0.033431,-0.05517,0.03832,0.000032,0.000000,1.000000,0.031448,0.023360,1,1,2,1
32,post_landing,81,1359.0,63,179.221,488.132,-1.06298,0.40909,-0.036597,-0.947637,0,1,0.000,12.114,1,1,-1.01912,0.33160,-0.033400,-0.04386,0.07749,-0.003198,0.000000,1.000000,0.033210,0.024838,1,1,2,1
32,post_landing,82,1375.0,63,178.118,488.615,-1.13132,0.46200,-0.037271,-0.985569,0,1,0.000,13.353,1,1,-1.06298,0.40909,-0.036597,-0.06834,0.05291,-0.000673,0.000000,1.000000,0.033718,0.024794,1,1,2,1
32,post_landing,83,1392.0,63,177.002,489.075,-1.20479,0.52918,-0.034635,-1.018755,0,1,0.000,14.421,1,1,-1.13132,0.46200,-0.037271,-0.07348,0.06718,0.002636,0.000000,1.000000,0.048381,0.021906,1,1,2,1
32,post_landing,84,1409.0,63,175.754,489.618,-1.26758,0.61278,-0.037272,-1.054800,0,1,0.000,15.563,1,1,-1.20479,0.52918,-0.034635,-0.06279,0.08361,-0.002636,0.000000,1.000000,0.052491,0.023181,1,1,2,1
32,post_landing,85,1425.0,63,174.443,490.250,-1.32830,0.71032,-0.040489,-1.093881,0,1,0.000,16.778,1,1,-1.26758,0.61278,-0.037272,-0.06072,0.09754,-0.003217,0.000000,1.000000,0.051799,0.023241,1,1,2,1
32,post_landing,86,1442.0,63,173.153,490.944,-1.38237,0.81642,-0.043926,-1.133924,0,1,0.000,17.997,1,1,-1.32830,0.71032,-0.040489,-0.05407,0.10609,-0.003438,0.000000,1.000000,0.046218,0.022092,1,1,2,1
32,post_landing,87,1459.0,63,171.726,491.802,-1.43869,0.94316,-0.047322,-1.179747,0,1,0.000,19.356,1,1,-1.38237,0.81642,-0.043926,-0.05632,0.12674,-0.003396,0.000000,1.000000,0.050269,0.023372,1,1,2,1
32,post_landing,88,1476.0,63,170.245,492.796,-1.48778,1.08804,-0.051159,-1.229276,0,1,0.000,20.779,1,1,-1.43869,0.94316,-0.047322,-0.04909,0.14488,-0.003837,0.000000,1.000000,0.049404,0.023447,1,1,2,1
32,post_landing,89,1492.0,63,168.808,493.877,-1.52556,1.24098,-0.055150,-1.279703,0,1,0.000,22.176,1,1,-1.48778,1.08804,-0.051159,-0.03778,0.15294,-0.003991,0.000000,1.000000,0.043418,0.022332,1,1,2,1
32,post_landing,90,1509.0,63,167.246,495.199,-1.55344,1.42437,-0.059303,-1.337228,0,1,0.000,23.700,1,1,-1.52556,1.24098,-0.055150,-0.02788,0.18339,-0.004153,0.000000,1.000000,0.047368,0.023622,1,1,2,1
32,post_landing,91,1525.0,63,165.662,496.726,-1.56462,1.62524,-0.064421,-1.399620,0,1,0.000,25.264,1,1,-1.55344,1.42437,-0.059303,-0.01118,0.20087,-0.005117,0.000000,1.000000,0.040338,0.024225,1,1,2,1
32,post_landing,92,1542.0,63,164.166,498.366,-1.55615,1.83537,-0.068646,-1.462724,0,1,0.000,26.746,1,1,-1.56462,1.62524,-0.064421,0.00847,0.21013,-0.004225,0.000000,1.000000,0.037783,0.022816,1,1,2,1
32,post_landing,93,1559.0,63,162.596,500.355,-1.54482,2.05310,-0.075122,-1.534282,0,1,0.999,27.798,3,2,-1.55615,1.83537,-0.068646,0.01134,0.21773,-0.006476,0.000000,1.000000,0.004343,0.007247,2,3,4,2
32,post_landing,94,1576.0,63,160.990,502.543,-1.59150,2.20388,-0.085932,-1.615416,0,1,0.999,26.385,3,2,-1.54482,2.05310,-0.075122,-0.04668,0.15077,-0.010810,0.000000,1.000000,0.060978,0.047803,2,3,4,2
32,post_landing,95,1592.0,63,159.492,504.775,-1.51851,2.43754,-0.093453,-1.700148,0,1,0.000,27.359,1,1,-1.59150,2.20388,-0.085932,0.07299,0.23367,-0.007521,0.000000,1.000000,0.015102,0.024636,1,1,2,1
32,post_landing,96,1609.0,63,157.978,505.391,-1.40001,1.94175,-0.017097,-1.784745,0,1,1.954,-35.478,4,2,-1.51851,2.43754,-0.093453,0.11850,-0.49579,0.076356,0.000000,1.000000,0.933771,-0.080660,2,4,4,2
32,post_landing,97,1626.0,63,156.710,505.649,-0.94355,1.56445,0.043705,-1.777581,0,1,0.979,-36.077,3,2,-1.40001,1.94175,-0.017097,0.45646,-0.37730,0.060802,0.000000,1.000000,0.116348,-0.077157,2,3,4,2
32,post_landing,98,1642.0,63,155.920,506.173,-0.66000,-0.65039,0.025057,-1.751569,0,0,0.000,0.000,0,0,-0.94355,1.56445,0.043705,0.28354,-2.21484,-0.018648,,,,,0,0,0,0
32,post_landing,99,1659.0,63,155.305,505.687,-0.52973,-0.36399,0.004524,-1.735309,0,0,0.000,0.000,0,0,-0.66000,-0.65039,0.025057,0.13027,0.28640,-0.020533,,,,,0,0,0,0
32,post_landing,100,1675.0,63,154.769,505.499,-0.52168,-0.07674,0.004455,-1.730739,0,0,0.000,0.000,0,0,-0.52973,-0.36399,0.004524,0.00806,0.28725,-0.000069,,,,,0,0,0,0
32,post_landing,101,1692.0,63,154.277,505.560,-0.45994,0.16989,-0.009801,-1.728531,0,1,0.000,27.809,1,1,-0.52168,-0.07674,0.004455,0.06174,0.24663,-0.014256,0.000000,1.000000,0.038194,0.022781,1,1,2,1
32,post_landing,102,1709.0,63,153.873,505.935,-0.37406,0.44901,-0.022075,-1.747973,0,0,0.000,0.000,0,0,-0.45994,0.16989,-0.009801,0.08588,0.27913,-0.012275,,,,,0,0,0,0
32,post_landing,103,1726.0,63,153.511,506.172,-0.25550,0.47557,0.013039,-1.763126,0,1,0.982,-36.296,3,2,-0.37406,0.44901,-0.022075,0.11855,0.02656,0.035114,0.000000,1.000000,0.107229,-0.070073,2,3,4,2
32,post_landing,104,1742.0,63,153.338,506.330,0.02369,-0.00309,0.000440,-1.756852,0,1,65.115,-4.322,2,2,-0.25550,0.47557,0.013039,0.27920,-0.47866,-0.012599,0.000000,1.000000,0.014167,-0.000172,2,2,4,2
32,post_landing,105,1759.0,63,153.365,506.333,0.00161,-0.00000,0.000026,-1.756694,0,1,65.115,-4.324,2,2,0.02369,-0.00309,0.000440,-0.02208,0.00308,-0.000414,0.000000,1.000000,0.026250,0.006003,2,2,4,2
32,post_landing,106,1776.0,63,153.364,506.333,0.00044,0.00001,0.000006,-1.756710,0,1,65.115,-4.324,2,2,0.00161,-0.00000,0.000026,-0.00117,0.00002,-0.000019,0.000000,1.000000,0.026481,0.005415,2,2,4,2
32,post_landing,107,1792.0,63,153.364,506.331,-0.00004,-0.00000,-0.000001,-1.756705,0,1,65.115,-4.324,2,2,0.00044,0.00001,0.000006,-0.00048,-0.00002,-0.000007,0.000000,1.000000,0.022939,0.004280,2,2,4,2
32,post_landing,108,1809.0,63,153.364,506.333,-0.00002,-0.00000,-0.000000,-1.756707,0,1,65.115,-4.324,2,2,-0.00004,-0.00000,-0.000001,0.00002,-0.00000,0.000000,0.000000,1.000000,0.026572,0.005512,2,2,4,2
32,post_landing,109,1826.0,63,153.364,506.333,0.00000,0.00000,0.000000,-1.756707,0,1,65.115,-4.324,2,2,-0.00002,-0.00000,-0.000000,0.00002,0.00000,0.000000,0.000000,1.000000,0.026569,0.005508,2,2,4,2
32,post_landing,110,1842.0,63,153.364,506.331,0.00002,0.00000,0.000000,-1.756705,0,1,65.115,-4.324,2,2,0.00000,0.00000,0.000000,0.00002,0.00000,0.000000,0.000000,1.000000,0.022930,0.004272,2,2,4,2
32,post_landing,111,1859.0,63,153.364,506.333,-0.00003,-0.00000,-0.000000,-1.756707,0,1,65.115,-4.324,2,2,0.00002,0.00000,0.000000,-0.00005,-0.00000,-0.000001,0.000000,1.000000,0.026572,0.005513,2,2,4,2
32,post_landing,112,1875.0,63,153.364,506.333,0.00000,0.00000,0.000000,-1.756707,0,1,65.115,-4.324,2,2,-0.00003,-0.00000,-0.000000,0.00003,0.00000,0.000000,0.000000,1.000000,0.026569,0.005508,2,2,4,2
32,post_landing,113,1892.0,63,153.364,506.331,0.00002,0.00000,0.000000,-1.756705,0,1,65.115,-4.324,2,2,0.00000,0.00000,0.000000,0.00002,0.00000,0.000000,0.000000,1.000000,0.022931,0.004272,2,2,4,2
32,post_landing,114,1909.0,63,153.364,506.333,-0.00003,-0.00000,-0.000000,-1.756707,0,1,65.115,-4.324,2,2,0.00002,0.00000,0.000000,-0.00005,-0.00000,-0.000001,0.000000,1.000000,0.026572,0.005513,2,2,4,2
32,post_landing,115,1925.0,63,153.364,506.333,0.00000,0.00000,0.000000,-1.756707,0,1,65.115,-4.324,2,2,-0.00003,-0.00000,-0.000000,0.00003,0.00000,0.000000,0.000000,1.000000,0.026569,0.005508,2,2,4,2
32,post_landing,116,1942.0,63,153.364,506.331,0.00002,0.00000,0.000000,-1.756705,0,1,65.115,-4.324,2,2,0.00000,0.00000,0.000000,0.00002,0.00000,0.000000,0.000000,1.000000,0.022931,0.004272,2,2,4,2
32,post_landing,117,1959.0,63,153.364,506.333,-0.00003,-0.00000,-0.000000,-1.756707,0,1,65.115,-4.324,2,2,0.00002,0.00000,0.000000,-0.00005,-0.00000,-0.000001,0.000000,1.000000,0.026572,0.005513,2,2,4,2
32,post_landing,118,1976.0,63,153.364,506.333,0.00000,0.00000,0.000000,-1.756707,0,1,65.115,-4.324,2,2,-0.00003,-0.00000,-0.000000,0.00003,0.00000,0.000000,0.000000,1.000000,0.026569,0.005508,2,2,4,2
32,post_landing,119,1992.0,63,153.364,506.331,0.00002,0.00000,0.000000,-1.756705,0,1,65.115,-4.324,2,2,0.00000,0.00000,0.000000,0.00002,0.00000,0.000000,0.000000,1.000000,0.022931,0.004272,2,2,4,2
32,post_landing,120,2009.0,63,153.364,506.333,-0.00003,-0.00000,-0.000000,-1.756707,0,1,65.115,-4.324,2,2,0.00002,0.00000,0.000000,-0.00005,-0.00000,-0.000001,0.000000,1.000000,0.026572,0.005513,2,2,4,2
32,post_landing,121,2026.0,63,153.364,506.333,0.00000,0.00000,0.000000,-1.756707,0,1,65.115,-4.324,2,2,-0.00003,-0.00000,-0.000000,0.00003,0.00000,0.000000,0.000000,1.000000,0.026570,0.005508,2,2,4,2
32,post_landing,122,2042.0,63,153.364,506.331,0.00002,0.00000,0.000000,-1.756705,0,1,65.115,-4.324,2,2,0.00000,0.00000,0.000000,0.00002,0.00000,0.000000,0.000000,1.000000,0.022931,0.004272,2,2,4,2
32,post_landing,123,2059.0,63,153.364,506.333,-0.00003,-0.00000,-0.000000,-1.756707,0,1,65.115,-4.324,2,2,0.00002,0.00000,0.000000,-0.00005,-0.00000,-0.000001,0.000000,1.000000,0.026573,0.005513,2,2,4,2
33,falling,0,7.0,,195.000,96.393,0.00000,0.44592,0.000000,0.000000,0,0,0.000,0.000,0,0,0.00000,0.00000,0.000000,0.00000,0.44592,0.000000,,,,,0,0,0,0
33,falling,1,12.0,,195.000,96.575,0.00000,0.54331,0.000000,0.000000,0,0,0.000,0.000,0,0,0.00000,0.44592,0.000000,0.00000,0.09739,0.000000,,,,,0,0,0,0
33,falling,2,28.0,,195.000,97.304,0.00000,0.81676,0.000000,0.000000,0,0,0.000,0.000,0,0,0.00000,0.54331,0.000000,0.00000,0.27345,0.000000,,,,,0,0,0,0
33,falling,3,45.0,,195.000,98.309,0.00000,1.08604,0.000000,0.000000,0,0,0.000,0.000,0,0,0.00000,0.81676,0.000000,0.00000,0.26929,0.000000,,,,,0,0,0,0
33,falling,4,62.0,,195.000,99.502,0.00000,1.33572,0.000000,0.000000,0,0,0.000,0.000,0,0,0.00000,1.08604,0.000000,0.00000,0.24968,0.000000,,,,,0,0,0,0
33,falling,5,78.0,,195.000,101.031,0.00000,1.59711,0.000000,0.000000,0,0,0.000,0.000,0,0,0.00000,1.33572,0.000000,0.00000,0.26139,0.000000,,,,,0,0,0,0
33,falling,6,95.0,,195.000,102.825,0.00000,1.85453,0.000000,0.000000,0,0,0.000,0.000,0,0,0.00000,1.59711,0.000000,0.00000,0.25742,0.000000,,,,,0,0,0,0
33,falling,7,112.0,,195.000,104.749,0.00000,2.09320,0.000000,0.000000,0,0,0.000,0.000,0,0,0.00000,1.85453,0.000000,0.00000,0.23867,0.000000,,,,,0,0,0,0
33,falling,8,128.0,,195.000,107.043,0.00000,2.34307,0.000000,0.000000,0,0,0.000,0.000,0,0,0.00000,2.09320,0.000000,0.00000,0.24987,0.000000,,,,,0,0,0,0
33,falling,9,145.0,,195.000,109.590,0.00000,2.58913,0.000000,0.000000,0,0,0.000,0.000,0,0,0.00000,2.34307,0.000000,0.00000,0.24607,0.000000,,,,,0,0,0,0
33,falling,10,162.0,,195.000,112.213,0.00000,2.81728,0.000000,0.000000,0,0,0.000,0.000,0,0,0.00000,2.58913,0.000000,0.00000,0.22815,0.000000,,,,,0,0,0,0
33,falling,20,329.0,,195.000,151.990,0.00000,5.01222,0.000000,0.000000,0,0,0.000,0.000,0,0,0.00000,4.81597,0.000000,0.00000,0.19625,0.000000,,,,,0,0,0,0
33,falling,30,495.0,,195.000,212.145,0.00000,6.90032,0.000000,0.000000,0,0,0.000,0.000,0,0,0.00000,6.72085,0.000000,0.00000,0.17947,0.000000,,,,,0,0,0,0
33,falling,40,662.0,,195.000,289.831,0.00000,8.52447,0.000000,0.000000,0,0,0.000,0.000,0,0,0.00000,8.37009,0.000000,0.00000,0.15438,0.000000,,,,,0,0,0,0
33,falling,50,829.0,,195.000,381.999,0.00000,9.91381,0.000000,0.000000,0,0,0.000,0.000,0,0,0.00000,9.78089,0.000000,0.00000,0.13292,0.000000,,,,,0,0,0,0
33,falling,59,979.0,,195.000,476.369,0.00000,11.00236,0.000000,0.000000,0,0,0.000,0.000,0,0,0.00000,10.88625,0.000000,0.00000,0.11611,0.000000,,,,,0,0,0,0
33,falling,60,995.0,,195.000,487.664,0.00000,11.11670,0.000000,0.000000,0,0,0.000,0.000,0,0,0.00000,11.00236,0.000000,0.00000,0.11434,0.000000,,,,,0,0,0,0
33,post_landing,61,1012.0,61,195.237,491.242,0.00000,1.65394,0.000000,0.079572,0,1,0.000,-16.857,1,1,0.00000,11.11670,0.000000,0.92121,-9.46276,0.097562,0.000000,1.000000,0.032769,0.023247,1,1,2,1
33,post_landing,62,1029.0,61,196.661,491.992,0.00000,0.62578,0.000000,0.167539,0,1,0.000,-8.396,1,1,0.00000,1.65394,0.000000,1.79236,-1.02816,0.074531,0.000000,1.000000,0.039116,0.024330,1,1,2,1
33,post_landing,63,1045.0,61,198.517,492.623,1.81823,0.66135,0.064543,0.234901,0,1,0.000,-10.331,1,1,0.00000,0.62578,0.000000,1.81823,0.03557,0.064543,0.000000,1.000000,0.039986,0.024256,1,1,2,1
33,post_landing,64,1062.0,61,200.253,493.314,1.80386,0.78550,0.065078,0.296736,0,1,0.000,-12.067,1,1,1.81823,0.66135,0.064543,-0.01436,0.12415,0.000535,0.000000,1.000000,0.037747,0.022819,1,1,2,1
33,post_landing,65,1079.0,61,202.077,494.180,1.77843,0.91964,0.066243,0.363285,0,1,0.000,-13.883,1,1,1.80386,0.78550,0.065078,-0.02544,0.13414,0.001165,0.000000,1.000000,0.040825,0.024184,1,1,2,1
33,post_landing,66,1096.0,61,203.873,495.182,1.74901,1.06051,0.067675,0.431119,0,1,0.000,-15.671,1,1,1.77843,0.91964,0.066243,-0.02942,0.14087,0.001431,0.000000,1.000000,0.040814,0.024185,1,1,2,1
33,post_landing,67,1112.0,61,205.455,495.542,1.55388,-0.31151,0.061082,0.493140,0,1,0.000,5.109,1,1,1.74901,1.06051,0.067675,-0.19513,-1.37202,-0.006593,0.000000,1.000000,0.038644,0.023594,1,1,2,1
33,post_landing,68,1129.0,61,207.024,495.278,1.52703,-0.20976,0.059311,0.554481,0,1,0.000,3.537,1,1,1.55388,-0.31151,0.061082,-0.02685,0.10175,-0.001771,0.000000,1.000000,0.040836,0.025220,1,1,2,1
33,post_landing,69,1146.0,61,208.566,495.113,1.50049,-0.11547,0.057908,0.614187,0,1,0.000,1.994,1,1,1.52703,-0.20976,0.059311,-0.02654,0.09429,-0.001403,0.000000,1.000000,0.040958,0.025217,1,1,2,1
33,post_landing,70,1162.0,61,209.993,495.041,1.47764,-0.03223,0.056872,0.669185,0,1,0.000,0.567,1,1,1.50049,-0.11547,0.057908,-0.02285,0.08324,-0.001036,0.000000,1.000000,0.037769,0.023744,1,1,2,1
33,post_landing,71,1179.0,61,211.486,495.053,1.45614,0.05194,0.056067,0.726642,0,1,0.000,-0.926,1,1,1.47764,-0.03223,0.056872,-0.02150,0.08416,-0.000805,0.000000,1.000000,0.042046,0.024079,1,1,2,1
33,post_landing,72,1196.0,61,212.957,495.149,1.43530,0.05461,0.055513,0.783418,0,1,1.414,-1.692,2,2,1.45614,0.05194,0.056067,-0.02083,0.00267,-0.000553,0.000000,1.000000,0.029878,0.023604,2,2,4,2
33,post_landing,73,1212.0,61,214.327,495.239,1.42017,0.12934,0.054965,0.836209,0,1,0.000,-2.349,1,1,1.43530,0.05461,0.055513,-0.01513,0.07473,-0.000549,0.000000,1.000000,0.064990,0.020479,1,1,2,1
33,post_landing,74,1230.0,61,215.847,495.424,1.40270,0.21181,0.054783,0.895260,0,1,0.000,-3.866,1,1,1.42017,0.12934,0.054965,-0.01747,0.08248,-0.000182,0.000000,1.000000,0.045741,0.025390,1,1,2,1
33,post_landing,75,1246.0,61,216.946,494.708,0.94556,-0.73523,0.028435,0.929121,0,1,0.000,25.868,1,1,1.40270,0.21181,0.054783,-0.45714,-0.94704,-0.026348,0.000000,1.000000,0.033128,0.025448,1,1,2,1
33,post_landing,76,1262.0,61,217.795,494.035,0.80706,-0.65448,0.026013,0.955544,0,1,0.000,25.163,1,1,0.94556,-0.73523,0.028435,-0.13850,0.08075,-0.002421,0.000000,1.000000,0.039714,0.023720,1,1,2,1
33,post_landing,77,1279.0,61,218.576,493.412,0.70937,-0.55421,0.022644,0.980711,0,1,0.000,24.476,1,1,0.80706,-0.65448,0.026013,-0.09770,0.10027,-0.003369,0.000000,1.000000,0.043352,0.025178,1,1,2,1
33,post_landing,78,1298.0,61,219.263,492.888,0.62091,-0.45809,0.019190,1.002401,0,1,0.000,23.871,1,1,0.70937,-0.55421,0.022644,-0.08846,0.09612,-0.003454,0.000000,1.000000,0.043464,0.025171,1,1,2,1
33,post_landing,79,1312.0,61,219.826,492.479,0.53666,-0.37520,0.016046,1.019627,0,1,0.000,23.383,1,1,0.62091,-0.45809,0.019190,-0.08425,0.08289,-0.003144,0.000000,1.000000,0.039995,0.023703,1,1,2,1
33,post_landing,80,1329.0,61,220.339,492.133,0.45067,-0.29200,0.012722,1.034653,0,1,0.000,22.952,1,1,0.53666,-0.37520,0.016046,-0.08598,0.08320,-0.003324,0.000000,1.000000,0.043665,0.025173,1,1,2,1
33,post_landing,81,1346.0,61,220.764,491.866,0.36316,-0.21537,0.009525,1.046353,0,1,0.000,22.612,1,1,0.45067,-0.29200,0.012722,-0.08751,0.07662,-0.003197,0.000000,1.000000,0.043728,0.025167,1,1,2,1
33,post_landing,82,1362.0,61,221.081,491.683,0.27828,-0.14891,0.006655,1.054433,0,1,0.000,22.376,1,1,0.36316,-0.21537,0.009525,-0.08488,0.06646,-0.002869,0.000000,1.000000,0.040182,0.023701,1,1,2,1
33,post_landing,83,1379.0,61,221.331,491.560,0.19249,-0.07980,0.003592,1.060019,0,1,0.000,22.212,1,1,0.27828,-0.14891,0.006655,-0.08578,0.06911,-0.003063,0.000000,1.000000,0.043819,0.025171,1,1,2,1
33,post_landing,84,1396.0,61,221.493,491.505,0.10621,-0.01378,0.000622,1.062532,0,1,0.000,22.137,1,1,0.19249,-0.07980,0.003592,-0.08628,0.06601,-0.002970,0.000000,1.000000,0.044819,0.023840,1,1,2,1
33,post_landing,85,1412.0,61,221.565,491.512,0.02338,0.04576,-0.002066,1.062165,0,1,0.000,22.148,1,1,0.10621,-0.01378,0.000622,-0.08284,0.05955,-0.002689,0.000000,1.000000,0.041182,0.022524,1,1,2,1
33,post_landing,86,1429.0,61,221.557,491.585,-0.05935,0.11071,-0.004978,1.058949,0,1,0.000,22.243,1,1,0.02338,0.04576,-0.002066,-0.08272,0.06494,-0.002911,0.000000,1.000000,0.044875,0.023836,1,1,2,1
33,post_landing,87,1446.0,61,221.465,491.722,-0.14187,0.17561,-0.007831,1.052802,0,1,0.000,22.424,1,1,-0.05935,0.11071,-0.004978,-0.08252,0.06490,-0.002854,0.000000,1.000000,0.044844,0.023838,1,1,2,1
33,post_landing,88,1462.0,61,221.301,491.910,-0.22057,0.23675,-0.010443,1.044378,0,1,0.000,22.670,1,1,-0.14187,0.17561,-0.007831,-0.07870,0.06115,-0.002612,0.000000,1.000000,0.041098,0.022531,1,1,2,1
33,post_landing,89,1479.0,61,221.047,492.179,-0.29825,0.30607,-0.013303,1.032672,0,1,0.000,23.009,1,1,-0.22057,0.23675,-0.010443,-0.07769,0.06932,-0.002859,0.000000,1.000000,0.044735,0.023848,1,1,2,1
33,post_landing,90,1496.0,61,220.715,492.518,-0.37499,0.37802,-0.016136,1.018076,0,1,0.000,23.428,1,1,-0.29825,0.30607,-0.013303,-0.07674,0.07195,-0.002833,0.000000,1.000000,0.044661,0.023854,1,1,2,1
33,post_landing,91,1512.0,61,220.330,492.904,-0.44742,0.44817,-0.018759,1.001706,0,1,0.000,23.891,1,1,-0.37499,0.37802,-0.016136,-0.07243,0.07015,-0.002623,0.000000,1.000000,0.040901,0.022548,1,1,2,1
33,post_landing,92,1529.0,61,219.849,493.393,-0.51755,0.52933,-0.021647,0.981543,0,1,0.000,24.453,1,1,-0.44742,0.44817,-0.018759,-0.07013,0.08116,-0.002888,0.000000,1.000000,0.044475,0.023870,1,1,2,1
33,post_landing,93,1546.0,61,219.297,493.965,-0.58540,0.61549,-0.024536,0.958448,0,1,0.000,25.085,1,1,-0.51755,0.52933,-0.021647,-0.06786,0.08616,-0.002890,0.000000,1.000000,0.044364,0.023880,1,1,2,1
33,post_landing,94,1562.0,61,218.714,494.584,-0.64795,0.70113,-0.027240,0.934015,0,1,0.000,25.738,1,1,-0.58540,0.61549,-0.024536,-0.06255,0.08564,-0.002704,0.000000,1.000000,0.040610,0.022573,1,1,2,1
33,post_landing,95,1579.0,61,218.033,495.338,-0.70605,0.80051,-0.030220,0.905201,0,1,0.000,26.490,1,1,-0.64795,0.70113,-0.027240,-0.05810,0.09938,-0.002979,0.000000,1.000000,0.044120,0.023901,1,1,2,1
33,post_landing,96,1596.0,61,217.344,495.357,-0.65415,-0.08708,-0.025508,0.877736,0,1,0.000,-3.417,1,1,-0.70605,0.80051,-0.030220,0.05190,-0.88759,0.004711,0.000000,1.000000,0.040493,0.025933,1,1,2,1
33,post_landing,97,1612.0,61,216.726,495.281,-0.63293,-0.06881,-0.024588,0.853677,0,1,0.000,-2.799,1,1,-0.65415,-0.08708,-0.025508,0.02121,0.01828,0.000920,0.000000,1.000000,0.039768,0.023712,1,1,2,1
33,post_landing,98,1629.0,61,216.090,495.223,-0.61293,-0.05138,-0.023756,0.829019,0,1,0.000,-2.163,1,1,-0.63293,-0.06881,-0.024588,0.02001,0.01743,0.000832,0.000000,1.000000,0.044379,0.023878,1,1,2,1
33,post_landing,99,1646.0,61,215.476,495.192,-0.58870,-0.06751,-0.022923,0.805175,0,1,1.414,-2.254,2,2,-0.61293,-0.05138,-0.023756,0.02423,-0.01613,0.000833,0.000000,1.000000,0.025122,0.010348,2,2,4,2
33,post_landing,100,1662.0,61,214.919,495.148,-0.57125,-0.05304,-0.022065,0.783567,0,1,1.414,-1.695,2,2,-0.58870,-0.06751,-0.022923,0.01745,0.01447,0.000858,0.000000,1.000000,0.037995,0.024204,2,2,4,2
33,post_landing,101,1679.0,61,214.345,495.118,-0.55531,-0.03920,-0.021285,0.761454,0,1,1.414,-1.123,2,2,-0.57125,-0.05304,-0.022065,0.01593,0.01384,0.000780,0.000000,1.000000,0.057212,0.041160,2,2,4,2
33,post_landing,102,1696.0,61,213.786,495.100,-0.53824,-0.02644,-0.020737,0.740082,0,1,1.413,-0.569,2,2,-0.55531,-0.03920,-0.021285,0.01708,0.01275,0.000548,0.000000,1.000000,0.072465,0.056250,2,2,4,2
33,post_landing,103,1712.0,61,213.276,495.047,-0.52646,-0.01550,-0.020269,0.720424,0,1,0.000,-0.765,1,1,-0.53824,-0.02644,-0.020737,0.01178,0.01094,0.000468,0.000000,1.000000,0.041016,0.022538,1,1,2,1
33,post_landing,104,1729.0,61,212.745,495.038,-0.51652,-0.00465,-0.019878,0.699985,0,1,0.000,-0.234,1,1,-0.52646,-0.01550,-0.020269,0.00994,0.01085,0.000391,0.000000,1.000000,0.044536,0.023865,1,1,2,1
33,post_landing,105,1745.0,61,212.223,495.039,-0.50909,0.00564,-0.019593,0.679904,0,1,0.000,0.288,1,1,-0.51652,-0.00465,-0.019878,0.00742,0.01029,0.000285,0.000000,1.000000,0.044547,0.023864,1,1,2,1
33,post_landing,106,1762.0,61,211.738,495.047,-0.50437,0.01501,-0.019418,0.661232,0,1,0.000,0.773,1,1,-0.50909,0.00564,-0.019593,0.00473,0.00937,0.000175,0.000000,1.000000,0.040879,0.022550,1,1,2,1
33,post_landing,107,1779.0,61,211.227,495.069,-0.50169,0.02483,-0.019330,0.641543,0,1,0.000,1.285,1,1,-0.50437,0.01501,-0.019418,0.00268,0.00981,0.000087,0.000000,1.000000,0.044557,0.023863,1,1,2,1
33,post_landing,108,1795.0,61,210.717,495.099,-0.50139,0.03469,-0.019341,0.621906,0,1,0.000,1.794,1,1,-0.50169,0.02483,-0.019330,0.00030,0.00987,-0.000010,0.000000,1.000000,0.044558,0.023863,1,1,2,1
33,post_landing,109,1812.0,61,210.237,495.135,-0.50321,0.04420,-0.019438,0.603376,0,1,0.000,2.274,1,1,-0.50139,0.03469,-0.019341,-0.00182,0.00951,-0.000097,0.000000,1.000000,0.040880,0.022550,1,1,2,1
33,post_landing,110,1829.0,61,209.724,495.187,-0.50732,0.05471,-0.019637,0.583557,0,1,0.000,2.787,1,1,-0.50321,0.04420,-0.019438,-0.00411,0.01051,-0.000198,0.000000,1.000000,0.044550,0.023864,1,1,2,1
33,post_landing,111,1845.0,61,209.207,495.248,-0.51368,0.06585,-0.019929,0.563501,0,1,0.000,3.304,1,1,-0.50732,0.05471,-0.019637,-0.00636,0.01113,-0.000292,0.000000,1.000000,0.044541,0.023864,1,1,2,1
33,post_landing,112,1862.0,61,208.713,495.315,-0.52163,0.07706,-0.020290,0.544314,0,1,0.000,3.798,1,1,-0.51368,0.06585,-0.019929,-0.00795,0.01122,-0.000361,0.000000,1.000000,0.040858,0.022552,1,1,2,1
33,post_landing,113,1879.0,61,208.179,495.401,-0.53212,0.08995,-0.020767,0.523524,0,1,0.000,4.332,1,1,-0.52163,0.07706,-0.020290,-0.01049,0.01289,-0.000478,0.000000,1.000000,0.044514,0.023867,1,1,2,1
33,post_landing,114,1896.0,61,207.633,495.499,-0.54471,0.10407,-0.021340,0.502212,0,1,0.000,4.877,1,1,-0.53212,0.08995,-0.020767,-0.01259,0.01411,-0.000572,0.000000,1.000000,0.044496,0.023868,1,1,2,1
33,post_landing,115,1912.0,61,207.108,495.603,-0.55838,0.11867,-0.021966,0.481580,0,1,0.000,5.403,1,1,-0.54471,0.10407,-0.021340,-0.01367,0.01460,-0.000626,0.000000,1.000000,0.040809,0.022556,1,1,2,1
33,post_landing,116,1929.0,61,206.571,495.652,-0.40788,-0.26399,-0.016110,0.460425,0,1,0.000,-16.421,1,1,-0.55838,0.11867,-0.021966,0.15050,-0.38266,0.005856,0.000000,1.000000,0.032101,0.024933,1,1,2,1
33,post_landing,117,1946.0,61,206.183,495.404,-0.33808,-0.21155,-0.013196,0.445182,0,1,0.000,-16.033,1,1,-0.40788,-0.26399,-0.016110,0.06979,0.05243,0.002914,0.000000,1.000000,0.043639,0.025177,1,1,2,1
33,post_landing,118,1962.0,61,205.883,495.218,-0.27256,-0.16616,-0.010562,0.433511,0,1,0.000,-15.732,1,1,-0.33808,-0.21155,-0.013196,0.06552,0.04539,0.002634,0.000000,1.000000,0.040134,0.023701,1,1,2,1
33,post_landing,119,1979.0,61,205.632,495.068,-0.20374,-0.12151,-0.007849,0.423819,0,1,0.000,-15.482,1,1,-0.27256,-0.16616,-0.010562,0.06882,0.04465,0.002713,0.000000,1.000000,0.043778,0.025172,1,1,2,1
33,post_landing,120,1996.0,61,205.451,494.961,-0.13583,-0.07973,-0.005211,0.416854,0,1,0.000,-15.300,1,1,-0.20374,-0.12151,-0.007849,0.06791,0.04178,0.002638,0.000000,1.000000,0.043801,0.025167,1,1,2,1
33,post_landing,121,2012.0,61,205.344,494.897,-0.07280,-0.04233,-0.002786,0.412743,0,1,0.000,-15.193,1,1,-0.13583,-0.07973,-0.005211,0.06303,0.03740,0.002425,0.000000,1.000000,0.040219,0.022607,1,1,2,1
34,falling,0,7.0,,195.000,96.616,0.00000,0.54390,0.000000,0.000000,0,0,0.000,0.000,0,0,0.00000,0.00000,0.000000,0.00000,0.54390,0.000000,,,,,0,0,0,0
34,falling,1,17.0,,195.000,96.958,0.00000,0.68906,0.000000,0.000000,0,0,0.000,0.000,0,0,0.00000,0.54390,0.000000,0.00000,0.14515,0.000000,,,,,0,0,0,0
34,falling,2,33.0,,195.000,97.834,0.00000,0.96029,0.000000,0.000000,0,0,0.000,0.000,0,0,0.00000,0.68906,0.000000,0.00000,0.27123,0.000000,,,,,0,0,0,0
34,falling,3,50.0,,195.000,98.985,0.00000,1.22739,0.000000,0.000000,0,0,0.000,0.000,0,0,0.00000,0.96029,0.000000,0.00000,0.26710,0.000000,,,,,0,0,0,0
34,falling,4,67.0,,195.000,100.312,0.00000,1.47504,0.000000,0.000000,0,0,0.000,0.000,0,0,0.00000,1.22739,0.000000,0.00000,0.24765,0.000000,,,,,0,0,0,0
34,falling,5,83.0,,195.000,101.982,0.00000,1.73431,0.000000,0.000000,0,0,0.000,0.000,0,0,0.00000,1.47504,0.000000,0.00000,0.25927,0.000000,,,,,0,0,0,0
34,falling,6,100.0,,195.000,103.914,0.00000,1.98964,0.000000,0.000000,0,0,0.000,0.000,0,0,0.00000,1.73431,0.000000,0.00000,0.25533,0.000000,,,,,0,0,0,0
34,falling,7,117.0,,195.000,105.966,0.00000,2.22638,0.000000,0.000000,0,0,0.000,0.000,0,0,0.00000,1.98964,0.000000,0.00000,0.23673,0.000000,,,,,0,0,0,0
34,falling,8,133.0,,195.000,108.395,0.00000,2.47422,0.000000,0.000000,0,0,0.000,0.000,0,0,0.00000,2.22638,0.000000,0.00000,0.24784,0.000000,,,,,0,0,0,0
34,falling,9,150.0,,195.000,111.075,0.00000,2.71829,0.000000,0.000000,0,0,0.000,0.000,0,0,0.00000,2.47422,0.000000,0.00000,0.24407,0.000000,,,,,0,0,0,0
34,falling,10,167.0,,195.000,113.821,0.00000,2.94459,0.000000,0.000000,0,0,0.000,0.000,0,0,0.00000,2.71829,0.000000,0.00000,0.22630,0.000000,,,,,0,0,0,0
34,falling,20,334.0,,195.000,154.779,0.00000,5.12173,0.000000,0.000000,0,0,0.000,0.000,0,0,0.00000,4.92707,0.000000,0.00000,0.19466,0.000000,,,,,0,0,0,0
34,falling,30,500.0,,195.000,215.952,0.00000,6.99452,0.000000,0.000000,0,0,0.000,0.000,0,0,0.00000,6.81650,0.000000,0.00000,0.17802,0.000000,,,,,0,0,0,0
34,falling,40,667.0,,195.000,293.994,0.00000,8.59655,0.000000,0.000000,0,0,0.000,0.000,0,0,0.00000,8.45237,0.000000,0.00000,0.14417,0.000000,,,,,0,0,0,0
34,falling,50,834.0,,195.000,387.428,0.00000,9.98358,0.000000,0.000000,0,0,0.000,0.000,0,0,0.00000,9.85173,0.000000,0.00000,0.13184,0.000000,,,,,0,0,0,0
34,falling,58,967.0,,195.000,471.143,0.00000,10.94813,0.000000,0.000000,0,0,0.000,0.000,0,0,0.00000,10.83813,0.000000,0.00000,0.11000,0.000000,,,,,0,0,0,0
34,falling,59,984.0,,195.000,482.384,0.00000,11.06330,0.000000,0.000000,0,0,0.000,0.000,0,0,0.00000,10.94813,0.000000,0.00000,0.11516,0.000000,,,,,0,0,0,0
34,post_landing,60,1001.0,60,195.297,485.683,0.00000,0.97378,0.000000,0.046254,0,1,0.000,-17.799,1,1,0.00000,11.06330,0.000000,0.88960,-10.08952,0.054787,0.000000,1.000000,0.057985,0.022710,1,1,2,1
34,post_landing,61,1017.0,60,196.234,486.072,0.94332,0.08633,0.023378,0.072686,0,1,0.000,-3.693,1,1,0.00000,0.97378,0.000000,0.94332,-0.88745,0.023378,0.000000,1.000000,0.044848,0.021097,1,1,2,1
34,post_landing,62,1034.0,60,197.170,486.176,0.90423,0.11868,0.025773,0.097735,0,1,0.000,-4.568,1,1,0.94332,0.08633,0.023378,-0.03910,0.03235,0.002395,0.000000,1.000000,0.043847,0.023924,1,1,2,1
34,post_landing,63,1050.0,60,198.084,486.311,0.91979,0.14536,0.025786,0.124422,0,1,0.000,-5.496,1,1,0.90423,0.11868,0.025773,0.01556,0.02668,0.000014,0.000000,1.000000,0.041727,0.024106,1,1,2,1
34,post_landing,64,1067.0,60,198.958,486.459,0.94511,0.17426,0.025537,0.149740,0,1,0.000,-6.373,1,1,0.91979,0.14536,0.025786,0.02532,0.02890,-0.000249,0.000000,1.000000,0.039353,0.022681,1,1,2,1
34,post_landing,65,1084.0,60,199.909,486.645,0.92061,0.19553,0.028221,0.176692,0,1,0.000,-7.302,1,1,0.94511,0.17426,0.025537,-0.02450,0.02127,0.002684,0.000000,1.000000,0.045008,0.023824,1,1,2,1
34,post_landing,66,1101.0,60,200.856,486.869,0.94648,0.22547,0.028658,0.205483,0,1,0.000,-8.289,1,1,0.92061,0.19553,0.028221,0.02587,0.02994,0.000437,0.000000,1.000000,0.040569,0.024206,1,1,2,1
34,post_landing,67,1117.0,60,201.768,487.110,0.96728,0.25912,0.029482,0.233172,0,1,0.000,-9.232,1,1,0.94648,0.22547,0.028658,0.02079,0.03366,0.000824,0.000000,1.000000,0.037071,0.022877,1,1,2,1
34,post_landing,68,1134.0,60,202.760,487.408,0.99036,0.29740,0.030598,0.263545,0,1,0.000,-10.257,1,1,0.96728,0.25912,0.029482,0.02308,0.03827,0.001116,0.000000,1.000000,0.039576,0.024291,1,1,2,1
34,post_landing,69,1150.0,60,203.776,487.731,1.04461,0.02522,0.030002,0.295095,0,1,10.440,-6.093,2,2,0.99036,0.29740,0.030598,0.05426,-0.27217,-0.000596,0.000000,1.000000,0.076615,0.041734,2,2,4,2
34,post_landing,70,1167.0,60,204.754,487.749,1.01704,0.05859,0.030670,0.324531,0,1,0.000,-1.853,1,1,1.04461,0.02522,0.030002,-0.02757,0.03337,0.000668,0.000000,1.000000,0.040253,0.022604,1,1,2,1
34,post_landing,71,1184.0,60,205.782,487.825,1.00016,0.08527,0.031184,0.355840,0,1,0.000,-2.893,1,1,1.01704,0.05859,0.030670,-0.01688,0.02668,0.000515,0.000000,1.000000,0.042736,0.024019,1,1,2,1
34,post_landing,72,1201.0,60,206.806,487.932,1.01544,0.12059,0.030507,0.387121,0,1,0.000,-3.930,1,1,1.00016,0.08527,0.031184,0.01528,0.03532,-0.000678,0.000000,1.000000,0.044107,0.023902,1,1,2,1
34,post_landing,73,1217.0,60,207.770,488.061,1.03120,0.15378,0.030135,0.416787,0,1,0.000,-4.910,1,1,1.01544,0.12059,0.030507,0.01576,0.03319,-0.000372,0.000000,1.000000,0.038972,0.022714,1,1,2,1
34,post_landing,74,1234.0,60,208.802,488.250,1.03108,0.11405,0.031118,0.448415,0,1,2.236,-4.832,2,2,1.03120,0.15378,0.030135,-0.00012,-0.03973,0.000983,0.000000,1.000000,0.007086,0.008589,2,2,4,2
34,post_landing,75,1251.0,60,209.852,488.420,1.03081,0.15003,0.031449,0.480038,0,1,2.236,-5.866,2,2,1.03108,0.11405,0.031118,-0.00027,0.03599,0.000331,0.000000,1.000000,0.054195,0.042933,2,2,4,2
34,post_landing,76,1267.0,60,210.839,488.559,1.04119,0.18383,0.031591,0.510275,0,1,0.000,-5.732,1,1,1.03081,0.15003,0.031449,0.01038,0.03379,0.000142,0.000000,1.000000,0.040606,0.022574,1,1,2,1
34,post_landing,77,1284.0,60,211.900,488.763,1.04008,0.21497,0.032699,0.542620,0,1,0.000,-6.779,1,1,1.04119,0.18383,0.031591,-0.00111,0.03114,0.001108,0.000000,1.000000,0.042113,0.024073,1,1,2,1
34,post_landing,78,1300.0,60,212.969,489.005,1.04256,0.25538,0.033903,0.575735,0,1,0.000,-7.844,1,1,1.04008,0.21497,0.032699,0.00248,0.04041,0.001205,0.000000,1.000000,0.043255,0.023975,1,1,2,1
34,post_landing,79,1317.0,60,213.973,489.277,1.06203,0.29424,0.034559,0.608376,0,1,0.000,-8.885,1,1,1.04256,0.25538,0.033903,0.01947,0.03886,0.000656,0.000000,1.000000,0.036757,0.022904,1,1,2,1
34,post_landing,80,1334.0,60,215.059,489.614,1.08019,0.34107,0.035651,0.643892,0,1,0.000,-10.006,1,1,1.06203,0.29424,0.034559,0.01816,0.04684,0.001091,0.000000,1.000000,0.039488,0.024298,1,1,2,1
34,post_landing,81,1351.0,60,216.164,490.002,1.10057,0.39282,0.036921,0.680587,0,1,0.000,-11.152,1,1,1.08019,0.34107,0.035651,0.02038,0.05175,0.001270,0.000000,1.000000,0.038538,0.024380,1,1,2,1
34,post_landing,82,1367.0,60,217.291,490.449,1.12273,0.45043,0.038364,0.718638,0,1,0.000,-12.324,1,1,1.10057,0.39282,0.036921,0.02215,0.05761,0.001443,0.000000,1.000000,0.037517,0.024468,1,1,2,1
34,post_landing,83,1384.0,60,218.371,490.925,1.14078,0.53305,0.039637,0.755681,0,1,0.000,-13.448,1,1,1.12273,0.45043,0.038364,0.01805,0.08262,0.001273,0.000000,1.000000,0.039753,0.022647,1,1,2,1
34,post_landing,84,1401.0,60,219.538,491.502,1.16336,0.60726,0.041398,0.796624,0,1,0.000,-14.669,1,1,1.14078,0.53305,0.039637,0.02258,0.07421,0.001760,0.000000,1.000000,0.043175,0.023982,1,1,2,1
34,post_landing,85,1417.0,60,220.730,492.156,1.18787,0.68840,0.043248,0.839383,0,1,0.000,-15.918,1,1,1.16336,0.60726,0.041398,0.02451,0.08114,0.001850,0.000000,1.000000,0.043060,0.023992,1,1,2,1
34,post_landing,86,1434.0,60,221.875,492.814,1.03563,-0.34097,0.017121,0.881392,0,1,37.643,1.705,2,2,1.18787,0.68840,0.043248,-0.15224,-1.02937,-0.026127,0.000000,1.000000,0.112204,0.055922,2,2,4,2
34,post_landing,87,1451.0,60,222.814,492.412,0.77573,-0.35951,0.017966,0.899382,0,1,0.000,20.015,1,1,1.03563,-0.34097,0.017121,-0.25990,-0.01854,0.000845,0.000000,1.000000,0.043126,0.025116,1,1,2,1
34,post_landing,88,1467.0,60,223.542,492.061,0.63106,-0.31722,0.016265,0.917107,0,1,0.000,19.505,1,1,0.77573,-0.35951,0.017966,-0.14468,0.04229,-0.001701,0.000000,1.000000,0.043570,0.025171,1,1,2,1
34,post_landing,89,1484.0,60,224.107,491.775,0.52885,-0.26536,0.013912,0.931860,0,1,0.000,19.076,1,1,0.63106,-0.31722,0.016265,-0.10221,0.05186,-0.002353,0.000000,1.000000,0.040051,0.023703,1,1,2,1
34,post_landing,90,1501.0,60,224.610,491.531,0.43927,-0.20600,0.011020,0.944897,0,1,0.000,18.693,1,1,0.52885,-0.26536,0.013912,-0.08958,0.05936,-0.002891,0.000000,1.000000,0.043708,0.025172,1,1,2,1
34,post_landing,91,1517.0,60,225.023,491.343,0.35366,-0.14968,0.008138,0.954993,0,1,0.000,18.394,1,1,0.43927,-0.20600,0.011020,-0.08561,0.05632,-0.002883,0.000000,1.000000,0.043754,0.025167,1,1,2,1
34,post_landing,92,1534.0,60,225.332,491.216,0.27248,-0.10083,0.005543,0.961848,0,1,0.000,18.190,1,1,0.35366,-0.14968,0.008138,-0.08118,0.04885,-0.002594,0.000000,1.000000,0.040194,0.023701,1,1,2,1
34,post_landing,93,1551.0,60,225.578,491.135,0.19171,-0.04919,0.002725,0.966398,0,1,0.000,18.054,1,1,0.27248,-0.10083,0.005543,-0.08077,0.05164,-0.002819,0.000000,1.000000,0.043828,0.025171,1,1,2,1
34,post_landing,94,1567.0,60,225.742,491.106,0.11104,0.00016,-0.000009,0.968120,0,1,0.000,18.003,1,1,0.19171,-0.04919,0.002725,-0.08067,0.04935,-0.002733,0.000000,1.000000,0.044894,0.023834,1,1,2,1
34,post_landing,95,1584.0,60,225.820,491.120,0.03352,0.04442,-0.002464,0.967234,0,1,0.000,18.029,1,1,0.11104,0.00016,-0.000009,-0.07752,0.04426,-0.002455,0.000000,1.000000,0.041179,0.022524,1,1,2,1
34,post_landing,96,1601.0,60,225.825,491.185,-0.04366,0.09360,-0.005161,0.963696,0,1,0.000,18.135,1,1,0.03352,0.04442,-0.002464,-0.07718,0.04918,-0.002698,0.000000,1.000000,0.044874,0.023836,1,1,2,1
34,post_landing,97,1617.0,60,225.751,491.299,-0.12078,0.14303,-0.007807,0.957441,0,1,0.000,18.321,1,1,-0.04366,0.09360,-0.005161,-0.07712,0.04943,-0.002646,0.000000,1.000000,0.044843,0.023838,1,1,2,1
34,post_landing,98,1635.0,60,225.609,491.451,-0.19493,0.18962,-0.010212,0.949116,0,1,0.000,18.568,1,1,-0.12078,0.14303,-0.007807,-0.07415,0.04658,-0.002405,0.000000,1.000000,0.041098,0.022531,1,1,2,1
34,post_landing,99,1651.0,60,225.383,491.667,-0.26842,0.24360,-0.012886,0.937717,0,1,0.000,18.904,1,1,-0.19493,0.18962,-0.010212,-0.07348,0.05399,-0.002674,0.000000,1.000000,0.044743,0.023847,1,1,2,1
34,post_landing,100,1667.0,60,225.082,491.936,-0.34164,0.30019,-0.015541,0.923612,0,1,0.000,19.316,1,1,-0.26842,0.24360,-0.012886,-0.07322,0.05659,-0.002655,0.000000,1.000000,0.044673,0.023853,1,1,2,1
34,post_landing,101,1684.0,60,224.730,492.242,-0.41187,0.35559,-0.017985,0.907876,0,1,0.000,19.772,1,1,-0.34164,0.30019,-0.015541,-0.07023,0.05540,-0.002444,0.000000,1.000000,0.040916,0.022547,1,1,2,1
34,post_landing,102,1701.0,60,224.285,492.631,-0.48072,0.42112,-0.020720,0.888558,0,1,0.000,20.324,1,1,-0.41187,0.35559,-0.017985,-0.06885,0.06553,-0.002735,0.000000,1.000000,0.044500,0.023868,1,1,2,1
34,post_landing,103,1717.0,60,223.828,492.718,-0.36633,-0.12575,-0.007442,0.873752,0,1,0.000,-16.900,1,1,-0.48072,0.42112,-0.020720,0.11439,-0.54687,0.013279,0.000000,1.000000,0.046989,0.026956,1,1,2,1
34,post_landing,104,1734.0,60,223.513,492.609,-0.27112,-0.09051,-0.005414,0.867315,0,1,0.000,-16.718,1,1,-0.36633,-0.12575,-0.007442,0.09521,0.03525,0.002028,0.000000,1.000000,0.040223,0.023699,1,1,2,1
34,post_landing,105,1751.0,60,223.269,492.537,-0.18898,-0.04658,-0.002808,0.862800,0,1,0.000,-16.589,1,1,-0.27112,-0.09051,-0.005414,0.08214,0.04393,0.002606,0.000000,1.000000,0.043829,0.023926,1,1,2,1
34,post_landing,106,1767.0,60,223.107,492.506,-0.11108,-0.00274,-0.000166,0.860954,0,1,0.000,-16.537,1,1,-0.18898,-0.04658,-0.002808,0.07790,0.04384,0.002642,0.000000,1.000000,0.044895,0.023834,1,1,2,1
34,post_landing,107,1784.0,60,223.028,492.516,-0.03745,0.03713,0.002243,0.861655,0,1,0.000,-16.557,1,1,-0.11108,-0.00274,-0.000166,0.07363,0.03987,0.002408,0.000000,1.000000,0.041179,0.022524,1,1,2,1
34,post_landing,108,1801.0,60,223.017,492.573,0.03542,0.08157,0.004899,0.864952,0,1,0.000,-16.651,1,1,-0.03745,0.03713,0.002243,0.07287,0.04443,0.002656,0.000000,1.000000,0.044877,0.023836,1,1,2,1
34,post_landing,109,1817.0,60,223.081,492.673,0.10812,0.12631,0.007509,0.870926,0,1,0.000,-16.820,1,1,0.03542,0.08157,0.004899,0.07270,0.04474,0.002611,0.000000,1.000000,0.044850,0.023838,1,1,2,1
34,post_landing,110,1834.0,60,223.210,492.816,0.09342,-0.06817,0.003325,0.878957,0,1,37.643,1.774,2,2,0.10812,0.12631,0.007509,-0.01470,-0.19448,-0.004185,0.000000,1.000000,0.022181,0.013880,2,2,4,2
34,post_landing,111,1851.0,60,223.272,492.814,0.00683,-0.00475,0.000244,0.881152,0,1,37.643,1.712,2,2,0.09342,-0.06817,0.003325,-0.08659,0.06342,-0.003080,0.000000,1.000000,0.071294,0.056155,2,2,4,2
34,post_landing,112,1867.0,60,223.273,492.814,0.00001,-0.00000,0.000000,0.881208,0,1,37.643,1.711,2,2,0.00683,-0.00475,0.000244,-0.00682,0.00475,-0.000244,0.000000,1.000000,0.077803,0.056741,2,2,4,2
34,post_landing,113,1884.0,60,223.273,492.812,0.00000,-0.00000,0.000000,0.881207,0,1,37.643,1.711,2,2,0.00001,-0.00000,0.000000,-0.00001,0.00000,-0.000000,0.000000,1.000000,0.074077,0.055420,2,2,4,2
34,post_landing,114,1901.0,60,223.273,492.814,-0.00000,0.00000,-0.000000,0.881208,0,1,37.643,1.711,2,2,0.00000,-0.00000,0.000000,-0.00000,0.00000,-0.000000,0.000000,1.000000,0.077804,0.056743,2,2,4,2
34,post_landing,115,1917.0,60,223.273,492.814,-0.00000,0.00000,-0.000000,0.881208,0,1,37.643,1.711,2,2,-0.00000,0.00000,-0.000000,0.00000,-0.00000,0.000000,0.000000,1.000000,0.077804,0.056743,2,2,4,2
34,post_landing,116,1934.0,60,223.273,492.812,0.00000,-0.00000,0.000000,0.881207,0,1,37.643,1.711,2,2,-0.00000,0.00000,-0.000000,0.00000,-0.00000,0.000000,0.000000,1.000000,0.074077,0.055420,2,2,4,2
34,post_landing,117,1951.0,60,223.273,492.814,-0.00000,0.00000,-0.000000,0.881208,0,1,37.643,1.711,2,2,0.00000,-0.00000,0.000000,-0.00000,0.00000,-0.000000,0.000000,1.000000,0.077804,0.056743,2,2,4,2
34,post_landing,118,1967.0,60,223.273,492.814,-0.00000,0.00000,-0.000000,0.881208,0,1,37.643,1.711,2,2,-0.00000,0.00000,-0.000000,0.00000,-0.00000,0.000000,0.000000,1.000000,0.077804,0.056743,2,2,4,2
34,post_landing,119,1984.0,60,223.273,492.812,0.00000,-0.00000,0.000000,0.881207,0,1,37.643,1.711,2,2,-0.00000,0.00000,-0.000000,0.00000,-0.00000,0.000000,0.000000,1.000000,0.074077,0.055420,2,2,4,2
34,post_landing,120,2001.0,60,223.273,492.814,-0.00000,0.00000,-0.000000,0.881208,0,1,37.643,1.711,2,2,0.00000,-0.00000,0.000000,-0.00000,0.00000,-0.000000,0.000000,1.000000,0.077804,0.056743,2,2,4,2
35,falling,0,28.0,,195.000,96.616,0.00000,0.54390,0.000000,0.000000,0,0,0.000,0.000,0,0,0.00000,0.00000,0.000000,0.00000,0.54390,0.000000,,,,,0,0,0,0
35,falling,1,41.0,,195.000,97.142,0.00000,0.75329,0.000000,0.000000,0,0,0.000,0.000,0,0,0.00000,0.54390,0.000000,0.00000,0.20938,0.000000,,,,,0,0,0,0
35,falling,2,58.0,,195.000,98.018,0.00000,1.00773,0.000000,0.000000,0,0,0.000,0.000,0,0,0.00000,0.75329,0.000000,0.00000,0.25444,0.000000,,,,,0,0,0,0
35,falling,3,74.0,,195.000,99.216,0.00000,1.27411,0.000000,0.000000,0,0,0.000,0.000,0,0,0.00000,1.00773,0.000000,0.00000,0.26638,0.000000,,,,,0,0,0,0
35,falling,4,91.0,,195.000,100.683,0.00000,1.53644,0.000000,0.000000,0,0,0.000,0.000,0,0,0.00000,1.27411,0.000000,0.00000,0.26233,0.000000,,,,,0,0,0,0
35,falling,5,108.0,,195.000,102.305,0.00000,1.77966,0.000000,0.000000,0,0,0.000,0.000,0,0,0.00000,1.53644,0.000000,0.00000,0.24322,0.000000,,,,,0,0,0,0
35,falling,6,124.0,,195.000,104.282,0.00000,2.03430,0.000000,0.000000,0,0,0.000,0.000,0,0,0.00000,1.77966,0.000000,0.00000,0.25464,0.000000,,,,,0,0,0,0
35,falling,7,141.0,,195.000,106.518,0.00000,2.28507,0.000000,0.000000,0,0,0.000,0.000,0,0,0.00000,2.03430,0.000000,0.00000,0.25077,0.000000,,,,,0,0,0,0
35,falling,8,158.0,,195.000,108.851,0.00000,2.51757,0.000000,0.000000,0,0,0.000,0.000,0,0,0.00000,2.28507,0.000000,0.00000,0.23250,0.000000,,,,,0,0,0,0
35,falling,9,174.0,,195.000,111.574,0.00000,2.76098,0.000000,0.000000,0,0,0.000,0.000,0,0,0.00000,2.51757,0.000000,0.00000,0.24341,0.000000,,,,,0,0,0,0
35,falling,10,191.0,,195.000,114.544,0.00000,3.00069,0.000000,0.000000,0,0,0.000,0.000,0,0,0.00000,2.76098,0.000000,0.00000,0.23971,0.000000,,,,,0,0,0,0
35,falling,20,358.0,,195.000,156.023,0.00000,5.16999,0.000000,0.000000,0,0,0.000,0.000,0,0,0.00000,4.96379,0.000000,0.00000,0.20620,0.000000,,,,,0,0,0,0
35,falling,30,525.0,,195.000,217.219,0.00000,7.02566,0.000000,0.000000,0,0,0.000,0.000,0,0,0.00000,6.85866,0.000000,0.00000,0.16700,0.000000,,,,,0,0,0,0
35,falling,40,691.0,,195.000,296.068,0.00000,8.63229,0.000000,0.000000,0,0,0.000,0.000,0,0,0.00000,8.47957,0.000000,0.00000,0.15272,0.000000,,,,,0,0,0,0
35,falling,50,858.0,,195.000,389.835,0.00000,10.01432,0.000000,0.000000,0,0,0.000,0.000,0,0,0.00000,9.88296,0.000000,0.00000,0.13137,0.000000,,,,,0,0,0,0
35,falling,59,1008.0,,195.000,485.048,0.00000,11.09016,0.000000,0.000000,0,0,0.000,0.000,0,0,0.00000,10.97541,0.000000,0.00000,0.11475,0.000000,,,,,0,0,0,0
35,falling,60,1025.0,,195.000,495.759,0.00000,11.19655,0.000000,0.000000,0,0,0.000,0.000,0,0,0.00000,11.09016,0.000000,0.00000,0.10639,0.000000,,,,,0,0,0,0
35,post_landing,61,1042.0,61,194.815,503.327,0.00000,0.05616,0.000000,-0.010427,0,1,5.000,8.973,2,1,0.00000,11.19655,0.000000,-0.72481,-11.14038,-0.040919,0.000000,1.000000,0.473286,0.025500,1,2,2,1
35,post_landing,62,1058.0,61,194.082,503.563,-0.71378,0.33702,-0.040297,-0.051768,0,0,0.000,0.000,0,0,0.00000,0.05616,0.000000,-0.71378,0.28086,-0.040297,,,,,0,0,0,0
35,post_landing,63,1075.0,61,193.403,503.903,-0.70910,0.32610,-0.041415,-0.090838,0,1,0.000,7.874,1,1,-0.71378,0.33702,-0.040297,0.00468,-0.01092,-0.001119,0.000000,1.000000,0.040338,0.022597,1,1,2,1
35,post_landing,64,1092.0,61,192.682,504.254,-0.71004,0.36378,-0.042334,-0.133260,0,1,0.000,8.593,1,1,-0.70910,0.32610,-0.041415,-0.00094,0.03767,-0.000919,0.000000,1.000000,0.043862,0.023923,1,1,2,1
35,post_landing,65,1108.0,61,191.961,504.397,-0.70599,0.09520,-0.042453,-0.176456,0,1,0.000,2.242,1,1,-0.71004,0.36378,-0.042334,0.00405,-0.26858,-0.000119,0.000000,1.000000,0.043891,0.023920,1,1,2,1
35,post_landing,66,1125.0,61,191.288,504.500,-0.69960,0.12340,-0.042335,-0.217012,0,1,0.000,2.915,1,1,-0.70599,0.09520,-0.042453,0.00640,0.02820,0.000119,0.000000,1.000000,0.040270,0.022602,1,1,2,1
35,post_landing,67,1142.0,61,190.583,504.581,-0.68533,-0.02096,-0.041670,-0.259832,0,1,0.000,-0.503,1,1,-0.69960,0.12340,-0.042335,0.01426,-0.14436,0.000665,0.000000,1.000000,0.051021,0.023016,1,1,2,1
35,post_landing,68,1158.0,61,190.028,504.128,-0.39006,-0.67107,-0.023087,-0.293448,0,1,0.000,-29.067,1,1,-0.68533,-0.02096,-0.041670,0.29527,-0.65011,0.018583,0.000000,1.000000,0.047759,0.027833,1,1,2,1
35,post_landing,69,1175.0,61,189.673,503.529,-0.33960,-0.55730,-0.019411,-0.314206,0,1,0.000,-28.710,1,1,-0.39006,-0.67107,-0.023087,0.05046,0.11377,0.003676,0.000000,1.000000,0.040053,0.023702,1,1,2,1
35,post_landing,70,1192.0,61,189.350,503.009,-0.28115,-0.44296,-0.015605,-0.332471,0,1,0.000,-28.386,1,1,-0.33960,-0.55730,-0.019411,0.05846,0.11434,0.003806,0.000000,1.000000,0.043679,0.025173,1,1,2,1
35,post_landing,71,1208.0,61,189.087,502.601,-0.21910,-0.33443,-0.011892,-0.346906,0,1,0.000,-28.123,1,1,-0.28115,-0.44296,-0.015605,0.06205,0.10852,0.003713,0.000000,1.000000,0.043731,0.025168,1,1,2,1
35,post_landing,72,1225.0,61,188.899,502.316,-0.15855,-0.23673,-0.008474,-0.357050,0,1,0.000,-27.934,1,1,-0.21910,-0.33443,-0.011892,0.06056,0.09770,0.003417,0.000000,1.000000,0.040179,0.023701,1,1,2,1
35,post_landing,73,1242.0,61,188.763,502.115,-0.09296,-0.13665,-0.004916,-0.364299,0,1,0.000,-27.798,1,1,-0.15855,-0.23673,-0.008474,0.06558,0.10008,0.003559,0.000000,1.000000,0.043819,0.025171,1,1,2,1
35,post_landing,74,1258.0,61,188.694,502.013,-0.02706,-0.03946,-0.001423,-0.367958,0,1,0.000,-27.729,1,1,-0.09296,-0.13665,-0.004916,0.06591,0.09719,0.003493,0.000000,1.000000,0.043826,0.025167,1,1,2,1
35,post_landing,75,1275.0,61,188.690,502.007,0.03446,0.05024,0.001812,-0.368156,0,1,0.000,-27.725,1,1,-0.02706,-0.03946,-0.001423,0.06152,0.08970,0.003235,0.000000,1.000000,0.041180,0.022524,1,1,2,1
35,post_landing,76,1292.0,61,188.750,502.096,0.09850,0.14457,0.005203,-0.365019,0,1,0.000,-27.785,1,1,0.03446,0.05024,0.001812,0.06404,0.09433,0.003391,0.000000,1.000000,0.044883,0.023835,1,1,2,1
35,post_landing,77,1308.0,61,188.874,502.279,0.16039,0.23876,0.008555,-0.358452,0,1,0.000,-27.908,1,1,0.09850,0.14457,0.005203,0.06189,0.09419,0.003352,0.000000,1.000000,0.044857,0.023837,1,1,2,1
35,post_landing,78,1325.0,61,189.047,502.538,0.21596,0.32803,0.011681,-0.349145,0,1,0.000,-28.081,1,1,0.16039,0.23876,0.008555,0.05556,0.08926,0.003126,0.000000,1.000000,0.041114,0.022530,1,1,2,1
35,post_landing,79,1342.0,61,189.288,502.910,0.27140,0.42427,0.014980,-0.336017,0,1,0.000,-28.322,1,1,0.21596,0.32803,0.011681,0.05544,0.09624,0.003299,0.000000,1.000000,0.044770,0.023845,1,1,2,1
35,post_landing,80,1358.0,61,189.584,503.379,0.32230,0.52261,0.018263,-0.319544,0,1,0.000,-28.616,1,1,0.27140,0.42427,0.014980,0.05090,0.09835,0.003283,0.000000,1.000000,0.044710,0.023850,1,1,2,1
35,post_landing,81,1375.0,61,189.908,503.912,0.36524,0.61763,0.021342,-0.300970,0,1,0.000,-28.939,1,1,0.32230,0.52261,0.018263,0.04294,0.09502,0.003080,0.000000,1.000000,0.040959,0.022543,1,1,2,1
35,post_landing,82,1392.0,61,190.294,504.577,0.39253,0.00486,0.023857,-0.278038,0,1,29.120,-14.764,3,3,0.36524,0.61763,0.021342,0.02729,-0.61277,0.002515,0.000000,1.000000,0.052181,0.026651,3,3,6,3
35,post_landing,83,1408.0,61,190.691,504.601,0.37976,-0.08153,0.023162,-0.253909,0,1,4.123,1.461,2,2,0.39253,0.00486,0.023857,-0.01277,-0.08639,-0.000695,0.000000,1.000000,0.007861,0.007024,2,2,4,2
35,post_landing,84,1425.0,61,191.050,504.571,0.36643,-0.07035,0.022214,-0.232099,0,1,4.123,1.102,2,2,0.37976,-0.08153,0.023162,-0.01334,0.01118,-0.000947,0.000000,1.000000,0.055290,0.050457,2,2,4,2
35,post_landing,85,1442.0,61,191.417,504.481,0.35252,-0.05959,0.021306,-0.209879,0,1,0.000,2.797,1,1,0.36643,-0.07035,0.022214,-0.01391,0.01076,-0.000909,0.000000,1.000000,0.044636,0.023856,1,1,2,1
35,post_landing,86,1458.0,61,191.770,504.425,0.33995,-0.05003,0.020477,-0.188552,0,1,0.000,2.443,1,1,0.35252,-0.05959,0.021306,-0.01257,0.00956,-0.000829,0.000000,1.000000,0.044649,0.023855,1,1,2,1
35,post_landing,87,1475.0,61,192.111,504.379,0.32845,-0.04148,0.019729,-0.168037,0,1,0.000,2.102,1,1,0.33995,-0.05003,0.020477,-0.01150,0.00856,-0.000748,0.000000,1.000000,0.044667,0.023854,1,1,2,1
35,post_landing,88,1492.0,61,192.422,504.341,0.31858,-0.03421,0.019095,-0.149398,0,1,0.000,1.792,1,1,0.32845,-0.04148,0.019729,-0.00987,0.00727,-0.000634,0.000000,1.000000,0.040991,0.022540,1,1,2,1
35,post_landing,89,1509.0,61,192.724,504.239,0.27580,-0.14062,0.016427,-0.131314,0,1,0.000,8.560,1,1,0.31858,-0.03421,0.019095,-0.04279,-0.10641,-0.002667,0.000000,1.000000,0.065672,0.022216,1,1,2,1
35,post_landing,90,1525.0,61,192.993,504.102,0.24732,-0.12116,0.014614,-0.115319,0,1,0.000,8.291,1,1,0.27580,-0.14062,0.016427,-0.02847,0.01946,-0.001813,0.000000,1.000000,0.043724,0.025149,1,1,2,1
35,post_landing,91,1542.0,61,193.220,503.991,0.22102,-0.10463,0.012976,-0.101933,0,1,0.000,8.063,1,1,0.24732,-0.12116,0.014614,-0.02631,0.01653,-0.001638,0.000000,1.000000,0.040138,0.023702,1,1,2,1
35,post_landing,92,1559.0,61,193.434,503.893,0.19362,-0.08870,0.011301,-0.089391,0,1,0.000,7.849,1,1,0.22102,-0.10463,0.012976,-0.02739,0.01592,-0.001674,0.000000,1.000000,0.043762,0.025172,1,1,2,1
35,post_landing,93,1575.0,61,193.621,503.808,0.16681,-0.07424,0.009689,-0.078527,0,1,0.000,7.663,1,1,0.19362,-0.08870,0.011301,-0.02681,0.01446,-0.001612,0.000000,1.000000,0.043772,0.025167,1,1,2,1
35,post_landing,94,1592.0,61,193.771,503.741,0.14212,-0.06177,0.008223,-0.069789,0,1,0.000,7.512,1,1,0.16681,-0.07424,0.009689,-0.02470,0.01247,-0.001466,0.000000,1.000000,0.040189,0.023701,1,1,2,1
35,post_landing,95,1609.0,61,193.906,503.685,0.11643,-0.04953,0.006714,-0.062013,0,1,0.000,7.377,1,1,0.14212,-0.06177,0.008223,-0.02569,0.01224,-0.001509,0.000000,1.000000,0.044864,0.023837,1,1,2,1
35,post_landing,96,1625.0,61,194.009,503.640,0.09275,-0.03881,0.005335,-0.056088,0,1,0.000,7.274,1,1,0.11643,-0.04953,0.006714,-0.02368,0.01072,-0.001379,0.000000,1.000000,0.041164,0.022526,1,1,2,1
35,post_landing,97,1642.0,61,194.094,503.607,0.06810,-0.02810,0.003909,-0.051213,0,1,0.000,7.190,1,1,0.09275,-0.03881,0.005335,-0.02466,0.01071,-0.001426,0.000000,1.000000,0.044884,0.023835,1,1,2,1
35,post_landing,98,1658.0,61,194.154,503.582,0.04391,-0.01795,0.002517,-0.047774,0,1,0.000,7.130,1,1,0.06810,-0.02810,0.003909,-0.02418,0.01016,-0.001392,0.000000,1.000000,0.044890,0.023834,1,1,2,1
35,post_landing,99,1675.0,61,194.189,503.568,0.02017,-0.00819,0.001155,-0.045737,0,1,0.000,7.094,1,1,0.04391,-0.01795,0.002517,-0.02375,0.00975,-0.001362,0.000000,1.000000,0.044894,0.023834,1,1,2,1
35,post_landing,100,1692.0,61,194.200,503.561,-0.00182,0.00074,-0.000104,-0.045086,0,1,0.000,7.083,1,1,0.02017,-0.00819,0.001155,-0.02199,0.00893,-0.001259,0.000000,1.000000,0.041181,0.022524,1,1,2,1
35,post_landing,101,1709.0,61,194.190,503.567,-0.02485,0.01010,-0.001423,-0.045696,0,1,0.000,7.093,1,1,-0.00182,0.00074,-0.000104,-0.02303,0.00936,-0.001319,0.000000,1.000000,0.044894,0.023834,1,1,2,1
35,post_landing,102,1725.0,61,194.156,503.581,-0.04757,0.01944,-0.002727,-0.047640,0,1,0.000,7.127,1,1,-0.02485,0.01010,-0.001423,-0.02272,0.00934,-0.001304,0.000000,1.000000,0.044892,0.023834,1,1,2,1
35,post_landing,103,1742.0,61,194.103,503.601,-0.06872,0.02832,-0.003944,-0.050685,0,1,0.000,7.180,1,1,-0.04757,0.01944,-0.002727,-0.02114,0.00888,-0.001217,0.000000,1.000000,0.041174,0.022525,1,1,2,1
35,post_landing,104,1758.0,61,194.024,503.635,-0.09096,0.03797,-0.005230,-0.055183,0,1,0.000,7.259,1,1,-0.06872,0.02832,-0.003944,-0.02225,0.00965,-0.001287,0.000000,1.000000,0.044880,0.023835,1,1,2,1
35,post_landing,105,1775.0,61,193.930,503.673,-0.11173,0.04735,-0.006439,-0.060620,0,1,0.000,7.353,1,1,-0.09096,0.03797,-0.005230,-0.02076,0.00938,-0.001209,0.000000,1.000000,0.041161,0.022526,1,1,2,1
35,post_landing,106,1792.0,61,193.808,503.727,-0.13364,0.05774,-0.007725,-0.067652,0,1,0.000,7.475,1,1,-0.11173,0.04735,-0.006439,-0.02191,0.01040,-0.001286,0.000000,1.000000,0.044862,0.023837,1,1,2,1
35,post_landing,107,1809.0,61,193.664,503.790,-0.15542,0.06870,-0.009017,-0.075993,0,1,0.000,7.619,1,1,-0.13364,0.05774,-0.007725,-0.02178,0.01095,-0.001292,0.000000,1.000000,0.044850,0.023838,1,1,2,1
35,post_landing,108,1825.0,61,193.508,503.858,-0.17580,0.07962,-0.010241,-0.085056,0,1,0.000,7.775,1,1,-0.15542,0.06870,-0.009017,-0.02039,0.01092,-0.001224,0.000000,1.000000,0.041129,0.022529,1,1,2,1
35,post_landing,109,1842.0,61,193.321,503.946,-0.19738,0.09200,-0.011555,-0.095961,0,1,0.000,7.962,1,1,-0.17580,0.07962,-0.010241,-0.02157,0.01238,-0.001314,0.000000,1.000000,0.044820,0.023840,1,1,2,1
35,post_landing,110,1859.0,61,193.112,504.045,-0.21885,0.10529,-0.012887,-0.108208,0,1,0.000,8.170,1,1,-0.19738,0.09200,-0.011555,-0.02147,0.01329,-0.001332,0.000000,1.000000,0.044803,0.023842,1,1,2,1
35,post_landing,111,1875.0,61,192.882,504.157,-0.24022,0.11962,-0.014240,-0.121816,0,1,0.000,8.401,1,1,-0.21885,0.10529,-0.012887,-0.02137,0.01433,-0.001353,0.000000,1.000000,0.044783,0.023844,1,1,2,1
35,post_landing,112,1892.0,61,192.645,504.276,-0.26020,0.13418,-0.015535,-0.135900,0,1,0.000,8.637,1,1,-0.24022,0.11962,-0.014240,-0.01999,0.01456,-0.001295,0.000000,1.000000,0.041062,0.022534,1,1,2,1
35,post_landing,113,1909.0,61,192.379,504.348,-0.26301,0.02889,-0.015768,-0.151820,0,1,0.000,1.832,1,1,-0.26020,0.13418,-0.015535,-0.00281,-0.10529,-0.000233,0.000000,1.000000,0.064667,0.022136,1,1,2,1
35,post_landing,114,1925.0,61,192.111,504.378,-0.26504,0.03343,-0.015920,-0.167895,0,1,0.000,2.100,1,1,-0.26301,0.02889,-0.015768,-0.00203,0.00454,-0.000152,0.000000,1.000000,0.044750,0.023846,1,1,2,1
35,post_landing,115,1942.0,61,191.857,504.411,-0.26763,0.03792,-0.016108,-0.183187,0,1,0.000,2.354,1,1,-0.26504,0.03343,-0.015920,-0.00259,0.00449,-0.000188,0.000000,1.000000,0.041050,0.022535,1,1,2,1
35,post_landing,116,1959.0,61,191.583,504.453,-0.27110,0.04298,-0.016357,-0.199646,0,1,0.000,2.627,1,1,-0.26763,0.03792,-0.016108,-0.00347,0.00505,-0.000249,0.000000,1.000000,0.044742,0.023847,1,1,2,1
35,post_landing,117,1975.0,61,191.306,504.500,-0.27529,0.04838,-0.016657,-0.216377,0,1,0.000,2.904,1,1,-0.27110,0.04298,-0.016357,-0.00419,0.00540,-0.000300,0.000000,1.000000,0.044738,0.023847,1,1,2,1
35,post_landing,118,1992.0,61,191.041,504.547,-0.27988,0.05383,-0.016984,-0.232424,0,1,0.000,3.169,1,1,-0.27529,0.04838,-0.016657,-0.00458,0.00545,-0.000327,0.000000,1.000000,0.041037,0.022537,1,1,2,1
35,post_landing,119,2009.0,61,190.761,504.595,-0.27200,-0.01113,-0.016539,-0.249495,0,1,4.123,1.388,2,2,-0.27988,0.05383,-0.016984,0.00788,-0.06496,0.000446,0.000000,1.000000,0.044687,0.033963,2,2,4,2
35,post_landing,120,2025.0,61,190.486,504.580,-0.26628,-0.00646,-0.016188,-0.266160,0,1,0.000,-0.399,1,1,-0.27200,-0.01113,-0.016539,0.00572,0.00468,0.000351,0.000000,1.000000,0.079257,0.020882,1,1,2,1
35,post_landing,121,2042.0,61,190.261,504.524,-0.15045,-0.26719,-0.009120,-0.279897,0,1,0.000,-29.293,1,1,-0.26628,-0.00646,-0.016188,0.11583,-0.26073,0.007067,0.000000,1.000000,0.026168,0.023814,1,1,2,1
